cat_id,cat_name,cat_id,cat_name,cat_id,cat_name
1,家用电器,2,大家电,3,平板电视
1,家用电器,2,大家电,4,冰箱
1,家用电器,2,大家电,5,空调
1,家用电器,2,大家电,6,洗衣机
1,家用电器,2,大家电,7,家庭影院
1,家用电器,2,大家电,8,酒柜
1,家用电器,2,大家电,9,冷柜冰吧
1,家用电器,2,大家电,10,DVD电视盒子
1,家用电器,2,大家电,11,迷你音响
1,家用电器,2,大家电,12,功放
1,家用电器,13,厨卫大电,14,油烟机
1,家用电器,13,厨卫大电,15,电热水器
1,家用电器,13,厨卫大电,16,洗碗机
1,家用电器,13,厨卫大电,17,消毒柜
1,家用电器,18,厨房小电,19,电饼铛
1,家用电器,18,厨房小电,20,电磁炉
1,家用电器,18,厨房小电,21,电饭煲
1,家用电器,18,厨房小电,22,电烤箱
1,家用电器,18,厨房小电,23,电热饭盒
1,家用电器,18,厨房小电,24,电烧烤炉
1,家用电器,18,厨房小电,25,电水壶
1,家用电器,18,厨房小电,26,电压力锅
1,家用电器,18,厨房小电,27,煮蛋器
1,家用电器,18,厨房小电,28,豆浆机
1,家用电器,18,厨房小电,29,榨汁机
1,家用电器,18,厨房小电,30,多用途锅
1,家用电器,18,厨房小电,31,咖啡机
1,家用电器,18,厨房小电,32,面包机
1,家用电器,18,厨房小电,33,酸奶机
1,家用电器,18,厨房小电,34,微波炉
1,家用电器,18,厨房小电,35,养生壶煎药壶
1,家用电器,18,厨房小电,36,料理机
1,家用电器,37,生活电器,38,饮水机
1,家用电器,37,生活电器,39,吸尘器
1,家用电器,37,生活电器,40,除湿机
1,家用电器,37,生活电器,41,电风扇
1,家用电器,37,生活电器,42,干衣机
1,家用电器,37,生活电器,43,挂烫机熨斗
1,家用电器,37,生活电器,44,加湿器
1,家用电器,37,生活电器,45,净化器
1,家用电器,37,生活电器,46,净水器
1,家用电器,37,生活电器,47,清洁机
1,家用电器,37,生活电器,48,取暖电器
1,家用电器,37,生活电器,49,扫地机器人
1,家用电器,37,生活电器,50,插座
1,家用电器,37,生活电器,51,冷风扇
1,家用电器,52,个护健康,53,按摩器
1,家用电器,52,个护健康,54,按摩椅
1,家用电器,52,个护健康,55,电吹风
1,家用电器,52,个护健康,56,电子秤
1,家用电器,52,个护健康,57,卷直发器
1,家用电器,52,个护健康,58,理发器
1,家用电器,52,个护健康,59,美容器
1,家用电器,52,个护健康,60,剃脱毛器
1,家用电器,52,个护健康,61,足浴盆
1,家用电器,52,个护健康,62,口腔护理
63,手机数码,64,手机通讯,65,手机
63,手机数码,66,摄影摄像,67,单反相机
63,手机数码,66,摄影摄像,68,单电微单相机
63,手机数码,66,摄影摄像,69,摄影机
63,手机数码,66,摄影摄像,70,拍立得
63,手机数码,66,摄影摄像,71,数码相机
63,手机数码,66,摄影摄像,72,运动相机
63,手机数码,66,摄影摄像,73,镜头
63,手机数码,66,摄影摄像,74,户外器材
63,手机数码,66,摄影摄像,75,影棚器材
63,手机数码,66,摄影摄像,76,数码相框
63,手机数码,77,数码配件,78,存储卡
63,手机数码,77,数码配件,79,电池充电器
63,手机数码,77,数码配件,80,三脚架云台
63,手机数码,77,数码配件,81,读卡器
63,手机数码,77,数码配件,82,滤镜
63,手机数码,77,数码配件,83,闪光灯手柄
63,手机数码,77,数码配件,85,相机清洁贴膜
63,手机数码,77,数码配件,86,镜头附件
63,手机数码,77,数码配件,87,机身附件
63,手机数码,88,影音娱乐,89,耳机耳麦
63,手机数码,88,影音娱乐,90,音箱音响
63,手机数码,88,影音娱乐,91,专业音频
63,手机数码,88,影音娱乐,92,便携无线音箱
63,手机数码,88,影音娱乐,93,麦克风
63,手机数码,94,智能设备,95,体感车
63,手机数码,94,智能设备,96,无人机
63,手机数码,94,智能设备,97,智能机器人
63,手机数码,94,智能设备,98,智能家居
63,手机数码,94,智能设备,99,智能手表
63,手机数码,94,智能设备,100,智能手环
63,手机数码,94,智能设备,101,智能眼镜
63,手机数码,94,智能设备,102,健康监测
63,手机数码,103,电子教育,104,电子书
63,手机数码,103,电子教育,105,录音笔
63,手机数码,103,电子教育,106,学生平板
63,手机数码,103,电子教育,107,电子词典
63,手机数码,103,电子教育,108,复读机
63,手机数码,103,电子教育,109,点读机
63,手机数码,103,电子教育,110,早教益智
63,手机数码,111,手机配件,112,移动电源
63,手机数码,111,手机配件,113,数据线
63,手机数码,111,手机配件,114,手机耳机
63,手机数码,111,手机配件,115,手机贴膜
63,手机数码,111,手机配件,116,手机保护套
63,手机数码,111,手机配件,117,蓝牙耳机
63,手机数码,111,手机配件,118,充电器
63,手机数码,111,手机配件,119,车载配件
63,手机数码,111,手机配件,120,拍照配件
63,手机数码,111,手机配件,121,手机支架
63,手机数码,111,手机配件,122,创意配件
63,手机数码,111,手机配件,123,苹果周边
124,电脑办公,125,电脑整机,126,台式机
124,电脑办公,125,电脑整机,127,一体机
124,电脑办公,125,电脑整机,128,笔记本
124,电脑办公,125,电脑整机,129,游戏本
124,电脑办公,125,电脑整机,130,平板电脑
124,电脑办公,125,电脑整机,131,笔记本配件
124,电脑办公,125,电脑整机,132,平板电脑配件
124,电脑办公,133,电脑配件,134,显示器
124,电脑办公,133,电脑配件,135,CPU
124,电脑办公,133,电脑配件,136,内存
124,电脑办公,133,电脑配件,137,机箱
124,电脑办公,133,电脑配件,138,电源
124,电脑办公,133,电脑配件,139,SSD固态硬盘
124,电脑办公,133,电脑配件,140,刻录机光驱
124,电脑办公,133,电脑配件,141,散热器
124,电脑办公,133,电脑配件,142,声卡显卡
124,电脑办公,133,电脑配件,143,硬盘
124,电脑办公,133,电脑配件,144,主板
124,电脑办公,145,外设产品,146,鼠标
124,电脑办公,145,外设产品,147,键盘
124,电脑办公,145,外设产品,148,U盘
124,电脑办公,145,外设产品,149,摄像头
124,电脑办公,145,外设产品,150,鼠标垫
124,电脑办公,145,外设产品,151,电脑工具
124,电脑办公,145,外设产品,152,UPS电源
124,电脑办公,145,外设产品,153,移动硬盘
124,电脑办公,145,外设产品,154,硬盘盒
124,电脑办公,155,游戏设备,156,游戏机
124,电脑办公,155,游戏设备,157,手柄方向盘
124,电脑办公,155,游戏设备,158,游戏耳机
124,电脑办公,155,游戏设备,159,游戏周边
124,电脑办公,160,网络产品,161,4G3G上网
124,电脑办公,160,网络产品,162,网络盒子
124,电脑办公,160,网络产品,163,交换机
124,电脑办公,160,网络产品,164,路由器
124,电脑办公,160,网络产品,165,网卡
124,电脑办公,166,办公设备,167,打印机
124,电脑办公,166,办公设备,168,考勤机
124,电脑办公,166,办公设备,169,多功能一体机
124,电脑办公,166,办公设备,170,传真设备
124,电脑办公,166,办公设备,171,复合机
124,电脑办公,166,办公设备,172,碎纸机
124,电脑办公,166,办公设备,173,扫描设备
124,电脑办公,166,办公设备,174,投影设备
124,电脑办公,166,办公设备,175,保险柜
124,电脑办公,166,办公设备,176,安防监控
124,电脑办公,177,文具耗材,178,办公文具
124,电脑办公,177,文具耗材,179,本册便签
124,电脑办公,177,文具耗材,180,笔类
124,电脑办公,177,文具耗材,181,计算器
124,电脑办公,177,文具耗材,182,文件管理
124,电脑办公,177,文具耗材,183,墨盒硒鼓
124,电脑办公,177,文具耗材,184,纸类
124,电脑办公,177,文具耗材,185,学生文具
186,家居厨具,187,烹饪锅具,188,蒸锅
186,家居厨具,187,烹饪锅具,189,炒锅
186,家居厨具,187,烹饪锅具,190,汤锅
186,家居厨具,187,烹饪锅具,191,奶锅
186,家居厨具,187,烹饪锅具,192,煎锅
186,家居厨具,187,烹饪锅具,193,火锅
186,家居厨具,187,烹饪锅具,194,压力锅
186,家居厨具,187,烹饪锅具,195,锅具套装
186,家居厨具,187,烹饪锅具,196,煲类
186,家居厨具,187,烹饪锅具,197,水壶
186,家居厨具,198,餐具用品,199,碗/碟/盘
186,家居厨具,198,餐具用品,200,筷勺/刀叉
186,家居厨具,198,餐具用品,201,果盘/果篮
186,家居厨具,198,餐具用品,202,餐具套装
186,家居厨具,198,餐具用品,203,一次性用品
186,家居厨具,204,刀剪菜板,205,菜刀
186,家居厨具,204,刀剪菜板,206,剪刀
186,家居厨具,204,刀剪菜板,207,砧板
186,家居厨具,204,刀剪菜板,208,多功能刀
186,家居厨具,204,刀剪菜板,209,瓜果刀刨
186,家居厨具,204,刀剪菜板,210,刀具套装
186,家居厨具,211,厨房配件,212,保鲜盒
186,家居厨具,211,厨房配件,213,饭盒
186,家居厨具,211,厨房配件,214,烘焙烧烤
186,家居厨具,211,厨房配件,215,储物置物
186,家居厨具,211,厨房配件,216,厨房小工具
186,家居厨具,217,水具酒具,218,保温杯
186,家居厨具,217,水具酒具,219,保温壶
186,家居厨具,217,水具酒具,220,玻璃杯
186,家居厨具,217,水具酒具,221,塑料杯
186,家居厨具,217,水具酒具,222,酒杯酒具
186,家居厨具,217,水具酒具,223,陶瓷马克杯
186,家居厨具,224,茶具咖啡具,225,茶杯
186,家居厨具,224,茶具咖啡具,226,茶壶
186,家居厨具,224,茶具咖啡具,227,咖啡具
186,家居厨具,224,茶具咖啡具,228,茶叶罐
186,家居厨具,224,茶具咖啡具,229,整套茶具
186,家居厨具,224,茶具咖啡具,230,茶具配件
186,家居厨具,224,茶具咖啡具,231,茶盘茶托
186,家居厨具,232,家居家纺,233,床单被罩
186,家居厨具,232,家居家纺,234,被子
186,家居厨具,232,家居家纺,235,毯子
186,家居厨具,232,家居家纺,236,枕头枕芯
186,家居厨具,232,家居家纺,237,床品套件
186,家居厨具,232,家居家纺,238,床垫床褥
186,家居厨具,232,家居家纺,239,抱枕靠垫
186,家居厨具,232,家居家纺,240,电热毯
186,家居厨具,232,家居家纺,241,毛巾浴巾
186,家居厨具,242,生活日用,243,口罩
186,家居厨具,242,生活日用,244,暖贴
186,家居厨具,242,生活日用,245,收纳用品
186,家居厨具,242,生活日用,246,洗晒熨烫
186,家居厨具,242,生活日用,247,浴室用品
186,家居厨具,242,生活日用,248,净化除味
186,家居厨具,249,家具家装,250,电脑桌
186,家居厨具,249,家具家装,251,灯具
186,家居厨具,249,家具家装,252,折叠床
186,家居厨具,253,宠物用品,254,狗粮
186,家居厨具,253,宠物用品,255,猫粮
186,家居厨具,253,宠物用品,256,宠物零食
186,家居厨具,253,宠物用品,257,宠物玩具
186,家居厨具,253,宠物用品,258,洗护美容
186,家居厨具,253,宠物用品,259,出行装备
186,家居厨具,253,宠物用品,260,宠物日用
186,家居厨具,253,宠物用品,261,宠物保健
262,个护清洁,263,面部护肤,264,洁面
262,个护清洁,263,面部护肤,265,爽肤水
262,个护清洁,263,面部护肤,266,乳液面霜
262,个护清洁,263,面部护肤,267,精华露
262,个护清洁,263,面部护肤,268,卸妆
262,个护清洁,263,面部护肤,269,面膜
262,个护清洁,263,面部护肤,270,剃须
262,个护清洁,263,面部护肤,271,眼部护理
262,个护清洁,263,面部护肤,272,防晒隔离
262,个护清洁,263,面部护肤,273,护肤套装
262,个护清洁,274,洗发护发,275,洗发
262,个护清洁,274,洗发护发,276,护发
262,个护清洁,274,洗发护发,277,染发
262,个护清洁,274,洗发护发,278,造型
262,个护清洁,279,身体护理,280,沐浴
262,个护清洁,279,身体护理,281,润肤
262,个护清洁,279,身体护理,282,手足
262,个护清洁,279,身体护理,283,精油
262,个护清洁,279,身体护理,284,纤体塑形
262,个护清洁,279,身体护理,285,身体套装
262,个护清洁,286,女性护理,287,卫生巾
262,个护清洁,286,女性护理,288,卫生护垫
262,个护清洁,286,女性护理,289,私密护理
262,个护清洁,286,女性护理,290,脱毛膏
262,个护清洁,294,香水彩妆,295,眼线
262,个护清洁,294,香水彩妆,296,眼影
262,个护清洁,294,香水彩妆,297,腮红
262,个护清洁,294,香水彩妆,298,睫毛膏
262,个护清洁,294,香水彩妆,299,眉笔
262,个护清洁,294,香水彩妆,300,唇部
262,个护清洁,294,香水彩妆,301,香水
262,个护清洁,294,香水彩妆,302,美妆工具
262,个护清洁,294,香水彩妆,303,底妆
262,个护清洁,294,香水彩妆,304,美甲
262,个护清洁,305,清洁用品,306,纸品湿巾
262,个护清洁,305,清洁用品,307,衣物清洁
262,个护清洁,305,清洁用品,308,家庭清洁
262,个护清洁,305,清洁用品,309,皮具护理
262,个护清洁,305,清洁用品,310,清洁工具
262,个护清洁,305,清洁用品,311,驱虫用品
312,箱包服饰,313,奢侈品,314,钱包
312,箱包服饰,313,奢侈品,315,时尚饰品
312,箱包服饰,313,奢侈品,316,箱包
312,箱包服饰,313,奢侈品,317,珠宝首饰
312,箱包服饰,313,奢侈品,318,丝巾围巾
312,箱包服饰,313,奢侈品,319,腕表
312,箱包服饰,320,配饰,321,手表
312,箱包服饰,320,配饰,322,时尚首饰
312,箱包服饰,320,配饰,323,眼镜墨镜
312,箱包服饰,320,配饰,324,腰带
312,箱包服饰,325,潮流女包,326,双肩包
312,箱包服饰,325,潮流女包,327,卡包零钱包
312,箱包服饰,325,潮流女包,328,手拿包
312,箱包服饰,325,潮流女包,329,手提包
312,箱包服饰,330,精品男包,331,单肩斜挎包
312,箱包服饰,330,精品男包,332,卡包
312,箱包服饰,330,精品男包,333,男士钱包
312,箱包服饰,330,精品男包,334,男士手包
312,箱包服饰,330,精品男包,335,商务公文包
312,箱包服饰,330,精品男包,336,钥匙包
312,箱包服饰,337,功能箱包,338,电脑包
312,箱包服饰,337,功能箱包,339,拉杆箱包
312,箱包服饰,337,功能箱包,340,妈咪包
312,箱包服饰,337,功能箱包,341,腰包胸包
312,箱包服饰,337,功能箱包,342,登山包
312,箱包服饰,337,功能箱包,343,书包
312,箱包服饰,337,功能箱包,344,休闲运动包
312,箱包服饰,345,珍珠饰品,346,珍珠吊坠
312,箱包服饰,345,珍珠饰品,347,珍珠耳饰
312,箱包服饰,345,珍珠饰品,348,珍珠戒指
312,箱包服饰,345,珍珠饰品,349,珍珠手链
312,箱包服饰,345,珍珠饰品,350,珍珠项链
312,箱包服饰,351,黄金饰品,352,黄金吊坠
312,箱包服饰,351,黄金饰品,353,黄金耳饰
312,箱包服饰,351,黄金饰品,354,黄金项链
312,箱包服饰,351,黄金饰品,355,黄金戒指
312,箱包服饰,351,黄金饰品,356,黄金手镯手链
312,箱包服饰,351,黄金饰品,357,黄金转运珠
312,箱包服饰,358,钻石,359,钻石耳饰
312,箱包服饰,358,钻石,360,钻石项链吊坠
312,箱包服饰,361,银饰,362,足银手镯
312,箱包服饰,361,银饰,363,银吊坠项链
312,箱包服饰,361,银饰,364,银耳饰
312,箱包服饰,361,银饰,365,银戒指
312,箱包服饰,361,银饰,366,银手镯手链
312,箱包服饰,367,时尚饰品,368,耳饰
312,箱包服饰,367,时尚饰品,369,发饰发卡
312,箱包服饰,367,时尚饰品,370,戒指
312,箱包服饰,367,时尚饰品,371,毛衣链
312,箱包服饰,367,时尚饰品,372,手链脚链
312,箱包服饰,367,时尚饰品,373,项链
312,箱包服饰,374,彩宝饰品,375,琥珀蜜蜡
312,箱包服饰,374,彩宝饰品,376,项链吊坠
312,箱包服饰,377,翡翠玉石,378,手镯手串
312,箱包服饰,379,水晶玛瑙,380,手镯手链
312,箱包服饰,381,铂金饰品,382,铂金项链
312,箱包服饰,381,铂金饰品,383,铂金耳饰
312,箱包服饰,381,铂金饰品,384,铂金戒指
312,箱包服饰,385,K金饰品,386,K金系列
312,箱包服饰,387,木手串把件,388,菩提
312,箱包服饰,387,木手串把件,389,小叶紫檀
312,箱包服饰,387,木手串把件,390,金丝楠
312,箱包服饰,387,木手串把件,391,黄花梨
312,箱包服饰,387,木手串把件,392,沉香木
312,箱包服饰,387,木手串把件,393,其他
312,箱包服饰,394,礼品,395,美妆礼品
312,箱包服饰,396,服饰鞋履,397,服装
312,箱包服饰,396,服饰鞋履,398,鞋履
312,箱包服饰,399,运动户外,400,骑行运动
312,箱包服饰,399,运动户外,401,雪镜
402,母婴玩具,403,奶粉,404,婴幼奶粉
402,母婴玩具,403,奶粉,405,孕妈奶粉
402,母婴玩具,406,尿裤湿巾,407,婴儿尿裤
402,母婴玩具,406,尿裤湿巾,408,拉拉裤
402,母婴玩具,406,尿裤湿巾,409,婴儿湿巾
402,母婴玩具,410,喂养用品,411,奶瓶奶嘴
402,母婴玩具,410,喂养用品,412,围兜防溅衣
402,母婴玩具,410,喂养用品,413,牙胶安抚
402,母婴玩具,410,喂养用品,414,暖奶消毒
402,母婴玩具,410,喂养用品,415,吸奶器
402,母婴玩具,410,喂养用品,416,食物存储
402,母婴玩具,410,喂养用品,417,儿童餐具
402,母婴玩具,410,喂养用品,418,辅食料理机
402,母婴玩具,410,喂养用品,419,水壶水杯
402,母婴玩具,420,洗护用品,421,洗发沐浴
402,母婴玩具,420,洗护用品,422,洗衣液皂
402,母婴玩具,420,洗护用品,423,宝宝护肤
402,母婴玩具,420,洗护用品,424,日常护理
402,母婴玩具,420,洗护用品,425,洗澡用具
402,母婴玩具,420,洗护用品,426,奶瓶清洗
402,母婴玩具,420,洗护用品,427,口腔清洁
402,母婴玩具,420,洗护用品,428,驱蚊防晒
402,母婴玩具,420,洗护用品,429,座便器
402,母婴玩具,430,妈妈专区,431,妈咪包背婴带
402,母婴玩具,430,妈妈专区,432,防辐射服
402,母婴玩具,430,妈妈专区,433,待产护理
402,母婴玩具,430,妈妈专区,434,产后塑身
402,母婴玩具,430,妈妈专区,435,孕妈护肤
402,母婴玩具,436,营养辅食,437,宝宝零食
402,母婴玩具,436,营养辅食,438,果泥果汁
402,母婴玩具,436,营养辅食,439,米粉菜粉
402,母婴玩具,440,玩具,441,遥控玩具
402,母婴玩具,440,玩具,442,益智玩具
402,母婴玩具,440,玩具,443,娃娃玩具
402,母婴玩具,440,玩具,444,模型玩具
402,母婴玩具,440,玩具,445,积木拼图
402,母婴玩具,440,玩具,446,户外玩具
402,母婴玩具,440,玩具,447,毛绒玩具
402,母婴玩具,440,玩具,448,创意玩具
402,母婴玩具,440,玩具,449,绘画工具
402,母婴玩具,440,玩具,450,戏水玩具
402,母婴玩具,440,玩具,451,动漫玩具
402,母婴玩具,440,玩具,452,情景玩具
402,母婴玩具,440,玩具,453,DIY玩具
402,母婴玩具,440,玩具,454,爬行垫毯
402,母婴玩具,455,童车童床,456,学步车
402,母婴玩具,455,童车童床,457,三轮车
402,母婴玩具,455,童车童床,458,滑板车
402,母婴玩具,455,童车童床,459,电动车
402,母婴玩具,455,童车童床,460,餐椅摇椅
402,母婴玩具,455,童车童床,461,婴儿推车
402,母婴玩具,455,童车童床,462,自行车
402,母婴玩具,463,儿童乐器,464,打击乐器
402,母婴玩具,463,儿童乐器,466,吉他尤克里里
402,母婴玩具,463,儿童乐器,467,口琴口风琴竖笛
402,母婴玩具,463,儿童乐器,468,民族管弦乐器
402,母婴玩具,463,儿童乐器,469,西洋管弦
402,母婴玩具,470,寝居服饰,471,儿童服饰
473,食品饮料酒,474,休闲食品,475,休闲零食
473,食品饮料酒,474,休闲食品,476,饼干蛋糕
473,食品饮料酒,474,休闲食品,477,坚果炒货
473,食品饮料酒,474,休闲食品,478,蜜饯果干
473,食品饮料酒,474,休闲食品,479,肉干肉脯
473,食品饮料酒,474,休闲食品,480,糖果巧克力
473,食品饮料酒,481,进口食品,482,冲调饮品
473,食品饮料酒,483,饮料冲调,484,饮料
473,食品饮料酒,483,饮料冲调,485,饮用水
473,食品饮料酒,483,饮料冲调,486,咖啡奶茶
473,食品饮料酒,483,饮料冲调,487,蜂蜜柚子茶
473,食品饮料酒,483,饮料冲调,488,冲饮谷物
473,食品饮料酒,483,饮料冲调,489,牛奶乳品
473,食品饮料酒,483,饮料冲调,490,成人奶粉
473,食品饮料酒,491,粮油调味,492,食用油
473,食品饮料酒,491,粮油调味,493,米面杂粮
473,食品饮料酒,491,粮油调味,494,方便食品
473,食品饮料酒,491,粮油调味,495,南北干货
473,食品饮料酒,491,粮油调味,496,调味品
473,食品饮料酒,497,中外名酒,498,白酒
473,食品饮料酒,497,中外名酒,499,啤酒
473,食品饮料酒,497,中外名酒,500,葡萄酒
473,食品饮料酒,497,中外名酒,501,洋酒
473,食品饮料酒,497,中外名酒,502,养生酒
473,食品饮料酒,503,茗茶,504,龙井
473,食品饮料酒,503,茗茶,505,红茶
473,食品饮料酒,503,茗茶,506,绿茶
473,食品饮料酒,503,茗茶,507,白茶
473,食品饮料酒,503,茗茶,508,黑茶
473,食品饮料酒,503,茗茶,509,普洱茶
473,食品饮料酒,503,茗茶,510,乌龙茶
473,食品饮料酒,503,茗茶,511,铁观音
473,食品饮料酒,503,茗茶,512,花草茶
473,食品饮料酒,503,茗茶,513,养生茶
473,食品饮料酒,514,冷饮冻食,515,汤圆元宵
473,食品饮料酒,514,冷饮冻食,516,冷冻点心
473,食品饮料酒,514,冷饮冻食,517,黄油奶油
473,食品饮料酒,514,冷饮冻食,518,奶酪
473,食品饮料酒,514,冷饮冻食,519,甜点
473,食品饮料酒,514,冷饮冻食,520,冷藏熟食
521,生鲜,522,优选水果,523,苹果
521,生鲜,522,优选水果,524,瓜类
521,生鲜,522,优选水果,525,莓类
521,生鲜,522,优选水果,526,时令水果
521,生鲜,522,优选水果,527,热带水果
521,生鲜,522,优选水果,528,芒果柠檬
521,生鲜,522,优选水果,529,柑桔橙柚
521,生鲜,522,优选水果,530,梨及凤梨
521,生鲜,522,优选水果,531,枣类
521,生鲜,522,优选水果,532,百香果
521,生鲜,533,进口水果,534,车厘子
521,生鲜,533,进口水果,535,凤梨
521,生鲜,533,进口水果,536,牛油果
521,生鲜,533,进口水果,537,奇异果
521,生鲜,533,进口水果,538,桃类
521,生鲜,533,进口水果,539,提子
521,生鲜,533,进口水果,540,香蕉
521,生鲜,533,进口水果,541,椰子
521,生鲜,533,进口水果,542,原箱水果
521,生鲜,533,进口水果,543,火龙果
521,生鲜,533,进口水果,544,梨类
521,生鲜,545,新鲜蔬菜,546,葱蒜类
521,生鲜,545,新鲜蔬菜,547,豆制品
521,生鲜,545,新鲜蔬菜,548,根茎类
521,生鲜,545,新鲜蔬菜,549,茄果/瓜果类
521,生鲜,545,新鲜蔬菜,550,蔬菜礼包
521,生鲜,545,新鲜蔬菜,551,西餐菜
521,生鲜,545,新鲜蔬菜,552,新鲜菌菇
521,生鲜,545,新鲜蔬菜,553,香料
521,生鲜,545,新鲜蔬菜,554,叶菜类
521,生鲜,545,新鲜蔬菜,555,花菜/豆类
521,生鲜,545,新鲜蔬菜,556,净菜类
521,生鲜,545,新鲜蔬菜,557,沙拉菜
521,生鲜,558,禽类肉蛋,559,牛肉
521,生鲜,558,禽类肉蛋,560,火腿培根
521,生鲜,558,禽类肉蛋,562,肉制品
521,生鲜,558,禽类肉蛋,563,猪肉
521,生鲜,558,禽类肉蛋,564,羊肉
521,生鲜,565,海鲜水产,566,贝类
521,生鲜,565,海鲜水产,567,海产干货
521,生鲜,565,海鲜水产,568,活鲜
521,生鲜,565,海鲜水产,569,三文鱼
521,生鲜,565,海鲜水产,570,特色海产
521,生鲜,565,海鲜水产,571,虾蟹
521,生鲜,565,海鲜水产,572,鱼类
521,生鲜,573,禽类蛋品,574,鸡类
521,生鲜,573,禽类蛋品,575,蛋类
521,生鲜,573,禽类蛋品,576,鹅鸽特色禽类
521,生鲜,573,禽类蛋品,577,鸭类
521,生鲜,578,冷冻速食,579,半成品菜
521,生鲜,578,冷冻速食,580,易盒家宴
521,生鲜,581,礼品礼券,582,礼品礼盒
521,生鲜,581,礼品礼券,583,原膳礼盒
584,滋补保健,585,营养健康,586,儿童营养
584,滋补保健,585,营养健康,587,基础营养
584,滋补保健,585,营养健康,588,魅力女人
584,滋补保健,585,营养健康,589,强健男人
584,滋补保健,590,传统滋补,591,阿胶
584,滋补保健,590,传统滋补,592,燕窝
584,滋补保健,590,传统滋补,593,蜂产品
584,滋补保健,590,传统滋补,594,枸杞
584,滋补保健,590,传统滋补,595,海参
584,滋补保健,590,传统滋补,596,冬虫夏草
584,滋补保健,590,传统滋补,597,人参西洋参
584,滋补保健,590,传统滋补,598,养生茶饮
584,滋补保健,599,护理护具,600,体温计
584,滋补保健,599,护理护具,601,美体护理
584,滋补保健,599,护理护具,602,眼罩耳塞
584,滋补保健,603,成人用品,604,男用延时
584,滋补保健,603,成人用品,605,女用器具
606,汽车用品,607,维修保养,608,添加剂
606,汽车用品,607,维修保养,609,滤清器
606,汽车用品,607,维修保养,610,柴机油
606,汽车用品,611,安全自驾,612,充气泵
606,汽车用品,611,安全自驾,613,防盗设备
606,汽车用品,611,安全自驾,614,胎压监测
606,汽车用品,611,安全自驾,615,自驾野营
606,汽车用品,616,车载电器,617,车载电源
606,汽车用品,616,车载电器,618,车载冰箱
606,汽车用品,616,车载电器,619,电台导航仪
606,汽车用品,620,汽车装饰,621,坐垫脚垫
606,汽车用品,620,汽车装饰,622,刹车片
606,汽车用品,620,汽车装饰,623,空气净化
606,汽车用品,620,汽车装饰,624,车载香水
606,汽车用品,620,汽车装饰,625,头枕腰枕
606,汽车用品,620,汽车装饰,626,功能小件
606,汽车用品,627,美容清洗,628,毛巾掸子
606,汽车用品,627,美容清洗,629,洗车配件
606,汽车用品,627,美容清洗,630,清洁剂
606,汽车用品,627,美容清洗,631,车蜡
632,酒店旅游,633,周边游,634,温泉
632,酒店旅游,633,周边游,635,滑雪
632,酒店旅游,633,周边游,636,亲子娱乐
632,酒店旅游,633,周边游,637,自然景观
63,手机数码,64,手机通讯,639,对讲机
402,母婴玩具,463,儿童乐器,640,电子琴钢琴
606,汽车用品,616,车载电器,641,吸尘器
606,汽车用品,616,车载电器,642,净化器
606,汽车用品,611,安全自驾,643,安全座椅
521,生鲜,533,进口水果,644,柑桔橙柚
521,生鲜,533,进口水果,645,苹果
521,生鲜,533,进口水果,646,热带水果
521,生鲜,533,进口水果,647,莓类
473,食品饮料酒,481,进口食品,649,牛奶
473,食品饮料酒,481,进口食品,650,粮油调味
473,食品饮料酒,481,进口食品,651,休闲零食
473,食品饮料酒,481,进口食品,652,饼干蛋糕
473,食品饮料酒,481,进口食品,653,糖果巧克力
402,母婴玩具,472,安全座椅,654,安全座椅
402,母婴玩具,463,儿童乐器,655,乐器配件
402,母婴玩具,420,洗护用品,656,理发器
312,箱包服饰,379,水晶玛瑙,657,项链吊坠
312,箱包服饰,377,翡翠玉石,658,戒指
312,箱包服饰,377,翡翠玉石,659,耳饰
312,箱包服饰,377,翡翠玉石,660,项链吊坠
312,箱包服饰,330,精品男包,661,双肩包
312,箱包服饰,325,潮流女包,662,钱包
262,个护清洁,305,清洁用品,664,一次性用品
262,个护清洁,294,香水彩妆,665,卸妆
262,个护清洁,294,香水彩妆,666,套装
262,个护清洁,667,口腔护理,668,牙膏牙粉
262,个护清洁,667,口腔护理,669,牙刷牙线
262,个护清洁,667,口腔护理,670,漱口水
262,个护清洁,274,洗发护发,671,套装
63,手机数码,77,数码配件,672,相机包
124,电脑办公,160,网络产品,673,网络存储
124,电脑办公,160,网络产品,674,网络配件
124,电脑办公,133,电脑配件,675,组装电脑
124,电脑办公,133,电脑配件,676,装机配件
124,电脑办公,125,电脑整机,677,电脑服务器
124,电脑办公,155,游戏设备,678,游戏软件
124,电脑办公,166,办公设备,679,验钞/点钞机
124,电脑办公,166,办公设备,680,装订机
124,电脑办公,166,办公设备,681,白板
124,电脑办公,166,办公设备,682,会议音频视频
124,电脑办公,166,办公设备,683,收银机
124,电脑办公,166,办公设备,684,办公家具
124,电脑办公,166,办公设备,685,电脑软件
186,家居厨具,217,水具酒具,686,杯具套装
186,家居厨具,242,生活日用,687,雨伞雨具
186,家居厨具,242,生活日用,688,缝纫针织用品
186,家居厨具,232,家居家纺,689,凉席蚊帐
186,家居厨具,232,家居家纺,690,布艺软饰
63,手机数码,88,影音娱乐,691,MP3/MP4
63,手机数码,88,影音娱乐,692,苹果配件
63,手机数码,94,智能设备,693,其他配件
402,母婴玩具,406,尿裤湿巾,694,成人尿裤
402,母婴玩具,430,妈妈专区,695,孕妈服饰
402,母婴玩具,455,童车童床,696,童床
402,母婴玩具,436,营养辅食,697,宝宝营养
606,汽车用品,620,汽车装饰,698,挂件摆件
606,汽车用品,607,维修保养,699,维修配件
312,箱包服饰,399,运动户外,700,运动装备
312,箱包服饰,345,珍珠饰品,701,珍珠胸针
312,箱包服饰,358,钻石,702,钻石戒指
312,箱包服饰,358,钻石,703,钻石手链手镯
312,箱包服饰,379,水晶玛瑙,704,戒指
312,箱包服饰,379,水晶玛瑙,705,耳饰
312,箱包服饰,379,水晶玛瑙,706,摆件挂件
312,箱包服饰,707,金银投资,708,投资银
312,箱包服饰,707,金银投资,709,投资金
312,箱包服饰,374,彩宝饰品,710,耳饰
312,箱包服饰,374,彩宝饰品,711,戒指
312,箱包服饰,374,彩宝饰品,712,手链手镯
521,生鲜,522,优选水果,713,芭乐
521,生鲜,565,海鲜水产,714,参类
312,箱包服饰,381,铂金饰品,715,铂金手镯手链
312,箱包服饰,337,功能箱包,716,旅行配件
312,箱包服饰,313,奢侈品,717,服饰
312,箱包服饰,325,潮流女包,718,单肩包
521,生鲜,545,新鲜蔬菜,719,冷冻蔬菜
312,箱包服饰,325,潮流女包,720,斜挎包
312,箱包服饰,394,礼品,721,礼品文具
1,家用电器,37,生活电器,722,电话机
1,家用电器,37,生活电器,723,收录音机
1,家用电器,37,生活电器,724,其他生活电器
521,生鲜,522,优选水果,725,猕猴桃
521,生鲜,522,优选水果,726,桃李杏
521,生鲜,533,进口水果,727,时令水果
521,生鲜,533,进口水果,728,李类
1,家用电器,37,生活电器,729,生活电器配件
584,滋补保健,599,护理护具,731,保健器械
186,家居厨具,732,家装建材,733,装饰材料
186,家居厨具,732,家装建材,734,电工电料
186,家居厨具,732,家装建材,735,厨房卫浴
584,滋补保健,585,营养健康,736,营养成分
1,家用电器,18,厨房小电,737,其他厨房电器
1,家用电器,2,大家电,738,家电配件
473,食品饮料酒,514,冷饮冻食,739,火锅丸串
584,滋补保健,585,营养健康,740,中西药品
584,滋补保健,599,护理护具,741,隐形眼镜
584,滋补保健,599,护理护具,742,跌打损伤
584,滋补保健,599,护理护具,743,鼻喉护理
584,滋补保健,599,护理护具,744,眼部保健
521,生鲜,745,乳品零食,746,零食
1,家用电器,52,个护健康,748,电子烟
402,母婴玩具,470,寝居服饰,749,儿童寝居
521,生鲜,581,礼品礼券,750,礼品卡券
186,家居厨具,232,家居家纺,751,家居家饰
186,家居厨具,249,家具家装,752,椅/凳
753,易果杂货,754,粮油杂货,758,干货
753,易果杂货,754,粮油杂货,759,果干零食
753,易果杂货,754,粮油杂货,760,杂粮
753,易果杂货,754,粮油杂货,761,面及面制品
753,易果杂货,754,粮油杂货,763,调味料
753,易果杂货,754,粮油杂货,765,食用油
521,生鲜,578,冷冻速食,777,火锅料
521,生鲜,578,冷冻速食,778,冷藏熟食
521,生鲜,578,冷冻速食,779,冷冻点心
521,生鲜,578,冷冻速食,780,主食速食
521,生鲜,745,乳品零食,781,黄油奶油
521,生鲜,745,乳品零食,782,面包
521,生鲜,745,乳品零食,783,牛奶
521,生鲜,745,乳品零食,784,酸乳饮料
521,生鲜,745,乳品零食,785,奶酪
521,生鲜,745,乳品零食,786,甜点月饼
753,易果杂货,754,粮油杂货,787,中外名酒
753,易果杂货,754,粮油杂货,788,冲调饮品
312,箱包服饰,320,配饰,795,眼镜配件
312,箱包服饰,320,配饰,796,丝巾围巾
312,箱包服饰,320,配饰,797,遮阳配件
312,箱包服饰,396,服饰鞋履,798,男士内衣
312,箱包服饰,396,服饰鞋履,799,女士内衣
312,箱包服饰,396,服饰鞋履,800,袜子
312,箱包服饰,396,服饰鞋履,801,睡衣居家服
312,箱包服饰,313,奢侈品,802,太阳镜
312,箱包服饰,313,奢侈品,803,配件
312,箱包服饰,313,奢侈品,804,腰带
312,箱包服饰,394,礼品,805,火机烟具
312,箱包服饰,394,礼品,806,电子礼品
312,箱包服饰,394,礼品,807,创意礼品
473,食品饮料酒,514,冷饮冻食,808,粽子
632,酒店旅游,812,酒店/度假村,813,酒店/度假村
814,生活服务,815,健康体检,816,健康体检
814,生活服务,817,影票类,818,电影卡券
521,生鲜,745,乳品零食,820,蛋糕
521,生鲜,522,优选水果,821,葡萄
521,生鲜,533,进口水果,822,榴莲
521,生鲜,533,进口水果,823,山竹
521,生鲜,522,优选水果,824,樱桃
753,易果杂货,754,粮油杂货,825,米类
814,生活服务,817,影票类,826,演唱会类
814,生活服务,827,课程,828,击剑
186,家居厨具,732,家装建材,829,五金工具
186,家居厨具,732,家装建材,830,灯饰照明
606,汽车用品,620,汽车装饰,831,雨刷器
606,汽车用品,607,维修保养,832,轮胎
606,汽车用品,611,安全自驾,833,应急救援
186,家居厨具,249,家具家装,834,书房家具
186,家居厨具,249,家具家装,835,户外家具
186,家居厨具,249,家具家装,836,卧室家具
186,家居厨具,249,家具家装,837,储物家具
186,家居厨具,249,家具家装,838,客厅家具
186,家居厨具,249,家具家装,839,办公家具
814,生活服务,817,影票类,841,音乐剧
632,酒店旅游,633,周边游,842,主题乐园
632,酒店旅游,633,周边游,843,动植物园
632,酒店旅游,633,周边游,844,漂流戏水
632,酒店旅游,633,周边游,845,古迹遗址
814,生活服务,817,影票类,846,话剧
473,食品饮料酒,848,食品礼券,849,月饼
473,食品饮料酒,848,食品礼券,850,蟹券
402,母婴玩具,470,寝居服饰,851,儿童运动鞋
186,家居厨具,242,生活日用,852,挂钟闹钟
606,汽车用品,620,汽车装饰,854,车灯
606,汽车用品,620,汽车装饰,856,贴膜
606,汽车用品,607,维修保养,857,防冻液
606,汽车用品,607,维修保养,858,火花塞
606,汽车用品,607,维修保养,859,减震器
606,汽车用品,607,维修保养,860,变速箱油/滤
606,汽车用品,611,安全自驾,861,储物箱
606,汽车用品,627,美容清洗,862,洗车水枪
606,汽车用品,627,美容清洗,863,玻璃水
606,汽车用品,627,美容清洗,864,补漆笔
606,汽车用品,627,美容清洗,865,洗车机
606,汽车用品,627,美容清洗,866,镀晶镀膜
868,运动户外,869,户外装备,878,野餐用具
868,运动户外,869,户外装备,879,户外工具
868,运动户外,870,健身训练,880,健身器械
868,运动户外,870,健身训练,881,瑜伽用品
868,运动户外,870,健身训练,882,其他器械
868,运动户外,870,健身训练,883,运动护具
868,运动户外,871,体育用品,884,球类
868,运动户外,871,体育用品,885,轮滑滑板
868,运动户外,871,体育用品,886,其他
868,运动户外,872,骑行运动,887,骑行用品
868,运动户外,873,运动服饰,888,运动裤
868,运动户外,873,运动服饰,889,健身服
868,运动户外,874,户外鞋服,890,冲锋衣裤
868,运动户外,874,户外鞋服,891,户外鞋靴
868,运动户外,874,户外鞋服,892,户外风衣
868,运动户外,875,运动鞋包,893,运动配件
868,运动户外,875,运动鞋包,894,运动鞋
868,运动户外,876,游泳用品,895,泳镜
868,运动户外,877,垂钓用品,896,钓鱼竿
868,运动户外,877,垂钓用品,897,钓椅
868,运动户外,869,户外装备,898,望远镜
868,运动户外,873,运动服饰,899,运动套装
868,运动户外,869,户外装备,900,户外背包
868,运动户外,869,户外装备,901,旅行装备
868,运动户外,873,运动服饰,902,运动服装
868,运动户外,876,游泳用品,903,游泳装备
868,运动户外,877,垂钓用品,904,钓鱼配件
521,生鲜,578,冷冻速食,905,面点
521,生鲜,545,新鲜蔬菜,906,半加工蔬菜
312,箱包服饰,396,服饰鞋履,907,流行男鞋
312,箱包服饰,396,服饰鞋履,908,时尚女鞋
312,箱包服饰,396,服饰鞋履,909,居家鞋
186,家居厨具,242,生活日用,910,雨鞋/雨靴
312,箱包服饰,396,服饰鞋履,911,女士休闲鞋
912,严选,913,居家,923,被枕
912,严选,913,居家,924,床品套件
912,严选,913,居家,925,布艺软饰
912,严选,913,居家,926,收纳
912,严选,913,居家,927,家具
912,严选,913,居家,928,家饰
912,严选,913,居家,929,宠物
912,严选,914,餐厨,930,杯壶
912,严选,914,餐厨,931,锅具
912,严选,914,餐厨,933,功能厨具
912,严选,914,餐厨,934,餐具
912,严选,914,餐厨,935,茶具咖啡具
912,严选,914,餐厨,936,清洁保鲜
912,严选,914,餐厨,937,刀剪砧板 
912,严选,915,配件,938,行李箱
912,严选,915,配件,939,功能箱包
912,严选,915,配件,940,双肩包
912,严选,915,配件,941,单肩包
912,严选,915,配件,942,男鞋
912,严选,915,配件,944,女鞋
912,严选,915,配件,945,鞋配
912,严选,915,配件,946,拖鞋
912,严选,915,配件,947,围巾套件
912,严选,915,配件,948,配饰
912,严选,915,配件,949,眼镜
912,严选,916,服饰,953,T恤
912,严选,916,服饰,954,裤装
912,严选,916,服饰,955,内裤
912,严选,916,服饰,956,内衣
912,严选,916,服饰,957,家居服
912,严选,916,服饰,958,袜子
912,严选,916,服饰,959,丝袜
912,严选,916,服饰,960,衬衫
912,严选,916,服饰,961,卫衣
912,严选,916,服饰,962,毛衣
912,严选,917,电器,963,生活电器
912,严选,917,电器,964,厨房电器
912,严选,917,电器,965,个护健康
912,严选,917,电器,966,数码
912,严选,917,电器,967,影音娱乐
912,严选,918,洗护,968,毛巾
912,严选,918,洗护,969,面部护理
912,严选,918,洗护,970,身体护理
912,严选,918,洗护,971,香薰
912,严选,918,洗护,972,洗发护发
912,严选,918,洗护,973,美妆
912,严选,918,洗护,974,家庭清洁
912,严选,918,洗护,975,浴室用品
912,严选,918,洗护,976,生理用品
912,严选,919,杂货,977,海外
912,严选,919,杂货,978,文具
912,严选,919,杂货,979,雨具
912,严选,919,杂货,980,旅行用品
912,严选,919,杂货,981,户外
912,严选,919,杂货,982,礼品卡
912,严选,920,饮食,983,糕点
912,严选,920,饮食,984,小食
912,严选,920,饮食,985,果干
912,严选,920,饮食,986,坚果炒货
912,严选,920,饮食,987,冲饮
912,严选,920,饮食,988,茗茶
912,严选,920,饮食,989,肉制品
912,严选,920,饮食,990,调味
912,严选,920,饮食,991,食材
912,严选,920,饮食,992,生鲜
912,严选,921,婴童,993,婴幼儿服饰
912,严选,921,婴童,994,儿童服饰
912,严选,921,婴童,995,搭配
912,严选,921,婴童,996,妈咪
912,严选,921,婴童,997,寝居
912,严选,921,婴童,998,玩具
912,严选,921,婴童,999,婴童洗护
912,严选,921,婴童,1000,喂养
912,严选,921,婴童,1001,婴童出行
912,严选,922,志趣,1002,黑凤梨
912,严选,922,志趣,1005,唱片
912,严选,922,志趣,1006,魔兽世界
912,严选,922,志趣,1007,炉石传说
912,严选,922,志趣,1008,守望先锋
912,严选,922,志趣,1009,暗黑破坏神III
912,严选,922,志趣,1010,星际争霸II
912,严选,922,志趣,1011,风暴英雄
912,严选,922,志趣,1013,我的世界
912,严选,922,志趣,1014,阴阳师
912,严选,922,志趣,1015,梦幻西游
912,严选,922,志趣,1016,大话西游
912,严选,922,志趣,1017,夏日甜心
1018,网易考拉,1019,母婴玩具,1027,奶粉
1018,网易考拉,1019,母婴玩具,1028,纸尿裤/拉拉裤
1018,网易考拉,1019,母婴玩具,1029,营养辅食
1018,网易考拉,1019,母婴玩具,1030,宝宝用品
1018,网易考拉,1019,母婴玩具,1031,童装童鞋
1018,网易考拉,1019,母婴玩具,1032,孕妈必备
1018,网易考拉,1020,美容彩妆,1033,护肤
1018,网易考拉,1020,美容彩妆,1034,面膜
1018,网易考拉,1020,美容彩妆,1035,彩妆
1018,网易考拉,1020,美容彩妆,1036,防晒修复
1018,网易考拉,1020,美容彩妆,1037,香水/香氛
1018,网易考拉,1021,轻奢精选,1038,手表配饰
1018,网易考拉,1021,轻奢精选,1039,女士箱包
1018,网易考拉,1021,轻奢精选,1040,男士箱包
1018,网易考拉,1021,轻奢精选,1041,服饰内衣
1018,网易考拉,1021,轻奢精选,1042,鞋
1018,网易考拉,1022,家居个护,1043,洗护日用
1018,网易考拉,1022,家居个护,1044,其他个护
1018,网易考拉,1022,家居个护,1045,居家用品
1018,网易考拉,1022,家居个护,1046,女性护理
1018,网易考拉,1022,家居个护,1047,家装家纺
1018,网易考拉,1022,家居个护,1048,宠物生活
1018,网易考拉,1023,营养保健,1049,营养补充
1018,网易考拉,1023,营养保健,1050,女性必备
1018,网易考拉,1023,营养保健,1051,男性必备
1018,网易考拉,1023,营养保健,1052,健康养护
1018,网易考拉,1023,营养保健,1053,关爱老年
1018,网易考拉,1024,数码家电,1054,手机/配件
1018,网易考拉,1024,数码家电,1055,生活电器
1018,网易考拉,1024,数码家电,1056,厨房电器
1018,网易考拉,1024,数码家电,1057,数码影音
1018,网易考拉,1024,数码家电,1058,个护健康
1018,网易考拉,1024,数码家电,1059,办公/外设
1018,网易考拉,1025,进口零食,1060,乳品/咖啡/麦片/冲饮
1018,网易考拉,1025,进口零食,1061,酒水类
1018,网易考拉,1025,进口零食,1062,休闲零食
1018,网易考拉,1025,进口零食,1063, 粮油副食
1018,网易考拉,1025,进口零食,1064, 饼干糕点
1018,网易考拉,1026,运动户外,1065,运动鞋
1018,网易考拉,1026,运动户外,1066,户外鞋靴
1018,网易考拉,1026,运动户外,1067,户外装备
1018,网易考拉,1026,运动户外,1068, 运动服装
1018,网易考拉,1026,运动户外,1069, 户外服装
1018,网易考拉,1026,运动户外,1070,更多分类 
912,严选,916,服饰,1071,外衣
312,箱包服饰,313,奢侈品,1072,鞋靴
186,家居厨具,242,生活日用,1073,保暖防护
1,家用电器,13,厨卫大电,1074,燃气灶
1,家用电器,13,厨卫大电,1075,燃气热水器
912,严选,920,饮食,1082,滋补保健
912,严选,920,饮食,1083,酒水饮料
912,严选,916,服饰,1084,裙装
312,箱包服饰,313,奢侈品,1085,服装
1088,珍品轻奢,1089,箱包,1090,钱包/卡包
1088,珍品轻奢,1089,箱包,1091,男士箱包
1088,珍品轻奢,1089,箱包,1092,女士箱包
1088,珍品轻奢,1089,箱包,1093,双肩包
1088,珍品轻奢,1094,服装,1095,内衣
1088,珍品轻奢,1094,服装,1096,精选女装
1088,珍品轻奢,1094,服装,1097,精选男装
1088,珍品轻奢,1098,配件,1099,腰带
1088,珍品轻奢,1098,配件,1100,围巾/帽子
1088,珍品轻奢,1098,配件,1101,眼镜
1088,珍品轻奢,1102,鞋履,1103,女鞋
1088,珍品轻奢,1102,鞋履,1104,男鞋
1088,珍品轻奢,1098,配件,1106,钥匙扣
1088,珍品轻奢,1105,首饰,1107,手链
1088,珍品轻奢,1108,数码生活,1109,数码配件
402,母婴玩具,470,寝居服饰,1110,安全防护
814,生活服务,1111,餐饮,1112,自助餐
1088,珍品轻奢,1108,数码生活,1113,居家
521,生鲜,1114,粮油调味,1116,米面油
521,生鲜,1114,粮油调味,1117,调味品
521,生鲜,1114,粮油调味,1118,方便食品
814,生活服务,1111,餐饮,1119,套餐
521,生鲜,1120,酒饮冲调,1121,酒水饮料
521,生鲜,1122,日用清洁,1123,个护清洁
521,生鲜,1122,日用清洁,1124,日用百货
521,生鲜,558,禽类肉蛋,1125,禽类蛋品
1550,手机,1551,手机通讯,1552,手机
1550,手机,1551,手机通讯,1553,对讲机
1550,手机,1561,手机配件,1562,移动电源
1550,手机,1561,手机配件,1563,蓝牙耳机
1550,手机,1561,手机配件,1564,苹果周边
1550,手机,1561,手机配件,1565,手机耳机
1550,手机,1561,手机配件,1566,手机贴膜
1550,手机,1561,手机配件,1567,手机存储卡
1550,手机,1561,手机配件,1568,充电器
1550,手机,1561,手机配件,1569,数据线
1550,手机,1561,手机配件,1570,手机壳/保护套
1550,手机,1561,手机配件,1571,车载配件
1550,手机,1561,手机配件,1572,手机电池
1550,手机,1561,手机配件,1573,创意配件
1550,手机,1561,手机配件,1574,便携/无线音响
1550,手机,1561,手机配件,1575,手机饰品
1550,手机,1561,手机配件,1576,拍照配件
1550,手机,1561,手机配件,1577,手机支架
1550,手机,1578,手机服务,1579,以旧换新
1550,手机,1578,手机服务,1580,手机维修
1550,手机,1578,手机服务,1581,手机保险
1683,图书,1684,小说,1685,中国当代小说
1683,图书,1684,小说,1686,中国近现代小说
1683,图书,1684,小说,1687,中国古典小说
1683,图书,1684,小说,1688,四大名著
1683,图书,1684,小说,1689,港澳台小说
1683,图书,1684,小说,1690,穿越/重生/架空
1683,图书,1684,小说,1691,外国小说
1683,图书,1684,小说,1692,侦探/悬疑/推理
1683,图书,1684,小说,1693,惊悚/恐怖
1683,图书,1684,小说,1694,科幻小说
1683,图书,1684,小说,1695,魔幻/奇幻/玄幻
1683,图书,1684,小说,1696,武侠
1683,图书,1684,小说,1697,军事
1683,图书,1684,小说,1698,情感/家庭/婚姻
1683,图书,1684,小说,1699,宫廷
1683,图书,1684,小说,1700,社会
1683,图书,1684,小说,1701,都市
1683,图书,1684,小说,1702,乡土
1683,图书,1684,小说,1703,职场
1683,图书,1684,小说,1704,财经
1683,图书,1684,小说,1705,官场
1683,图书,1684,小说,1706,历史
1683,图书,1684,小说,1707,影视小说
1683,图书,1684,小说,1708,作品集
1683,图书,1684,小说,1709,世界名著
1683,图书,1684,小说,1710,期刊杂志
1683,图书,1711,文学,1712,散文/随笔/书信
1683,图书,1711,文学,1713,诗歌词曲
1683,图书,1711,文学,1714,中国文学
1683,图书,1711,文学,1715,外国文学
1683,图书,1711,文学,1716,名家作品
1683,图书,1711,文学,1717,儿童文学
1683,图书,1711,文学,1718,作品集
1683,图书,1711,文学,1719,纪实文学
1683,图书,1711,文学,1720,民间文学
1683,图书,1711,文学,1721,影视文学
1683,图书,1711,文学,1722,戏剧曲艺
1683,图书,1711,文学,1723,文学理论
1683,图书,1711,文学,1724,文学史
1683,图书,1711,文学,1725,文学评论与研究
1683,图书,1711,文学,1726,期刊杂志
1683,图书,1727,青春文学,1728,校园
1683,图书,1727,青春文学,1729,爱情/情感
1683,图书,1727,青春文学,1730,古代言情
1683,图书,1727,青春文学,1731,叛逆/成长
1683,图书,1727,青春文学,1732,悬疑/惊悚
1683,图书,1727,青春文学,1733,娱乐/偶像
1683,图书,1727,青春文学,1734,爆笑/无厘头
1683,图书,1727,青春文学,1735,玄幻/科幻/新武侠
1683,图书,1727,青春文学,1736,大陆原创
1683,图书,1727,青春文学,1737,港台青春文学
1683,图书,1727,青春文学,1738,韩国青春文学
1683,图书,1727,青春文学,1739,其他国外青春文学
1683,图书,1740,传记,1741,历史人物
1683,图书,1740,传记,1742,经典传记
1683,图书,1740,传记,1743,历代帝王
1683,图书,1740,传记,1744,领袖首脑
1683,图书,1740,传记,1745,军事人物
1683,图书,1740,传记,1746,政治人物
1683,图书,1740,传记,1747,财经人物
1683,图书,1740,传记,1748,宗教人物
1683,图书,1740,传记,1749,女性人物
1683,图书,1740,传记,1750,体坛之星
1683,图书,1740,传记,1751,文娱明星
1683,图书,1740,传记,1752,科学家
1683,图书,1740,传记,1753,建筑师/设计师
1683,图书,1740,传记,1754,艺术家
1683,图书,1740,传记,1755,文学家
1683,图书,1740,传记,1756,哲学家
1683,图书,1740,传记,1757,学者
1683,图书,1740,传记,1758,国学大师
1683,图书,1740,传记,1759,教育家
1683,图书,1740,传记,1760,自传
1683,图书,1740,传记,1761,人物合集
1683,图书,1740,传记,1762,社会百相
1683,图书,1740,传记,1763,家族研究与传记
1683,图书,1740,传记,1764,姓氏谱系
1683,图书,1765,书法,1766,字帖
1683,图书,1765,书法,1767,碑帖
1683,图书,1765,书法,1768,硬笔书法
1683,图书,1765,书法,1769,书法理论
1683,图书,1765,书法,1770,技法/教程
1683,图书,1765,书法,1771,书法赏析
1683,图书,1772,音乐,1773,钢琴
1683,图书,1772,音乐,1774,吉他
1683,图书,1772,音乐,1775,提琴
1683,图书,1772,音乐,1776,二胡
1683,图书,1772,音乐,1777,器乐
1683,图书,1772,音乐,1778,声乐
1683,图书,1772,音乐,1779,歌谱曲谱
1683,图书,1772,音乐,1780,音乐理论
1683,图书,1772,音乐,1781,音乐赏析
1683,图书,1782,艺术,1783,设计
1683,图书,1782,艺术,1784,篆刻
1683,图书,1782,艺术,1785,连环画
1683,图书,1782,艺术,1786,动画
1683,图书,1782,艺术,1787,影视
1683,图书,1782,艺术,1788,人体艺术
1683,图书,1782,艺术,1789,鉴赏收藏
1683,图书,1782,艺术,1790,建筑
1683,图书,1782,艺术,1791,舞蹈
1683,图书,1782,艺术,1792,雕塑
1683,图书,1782,艺术,1793,艺术类考试
1683,图书,1782,艺术,1794,艺术史
1683,图书,1782,艺术,1795,艺术理论与评论
1683,图书,1782,艺术,1796,世界各国艺术概况
1683,图书,1782,艺术,1797,舞台艺术戏剧
1683,图书,1782,艺术,1798,工艺美术
1683,图书,1782,艺术,1799,民间艺术
1683,图书,1782,艺术,1800,艺术品拍卖
1683,图书,1782,艺术,1801,艺术辞典与工具书
1683,图书,1802,绘画,1803,国画技法
1683,图书,1802,绘画,1804,国画赏析
1683,图书,1802,绘画,1805,素描/速写
1683,图书,1802,绘画,1806,水粉/水彩
1683,图书,1802,绘画,1807,简笔画
1683,图书,1802,绘画,1808,彩铅/铅笔画
1683,图书,1802,绘画,1809,油画技法
1683,图书,1802,绘画,1810,油画赏析
1683,图书,1802,绘画,1811,其他绘画
1683,图书,1802,绘画,1812,名家画集
1683,图书,1802,绘画,1813,绘画技法
1683,图书,1802,绘画,1814,绘画史
1683,图书,1802,绘画,1815,绘画理论
1683,图书,1802,绘画,1816,美术考试
1683,图书,1817,摄影,1818,摄影技法
1683,图书,1817,摄影,1819,摄影器材指南
1683,图书,1817,摄影,1820,后期处理
1683,图书,1817,摄影,1821,摄影理论
1683,图书,1817,摄影,1822,摄影集/图册
1683,图书,1817,摄影,1823,分类摄影
1683,图书,1817,摄影,1824,光线与构图
1683,图书,1817,摄影,1825,人物摄影
1683,图书,1817,摄影,1826,景物摄影
1683,图书,1827,童书,1828,儿童文学
1683,图书,1827,童书,1829,科普/百科
1683,图书,1827,童书,1830,绘本
1683,图书,1827,童书,1831,手工/游戏
1683,图书,1827,童书,1832,幼儿启蒙
1683,图书,1827,童书,1833,智力开发
1683,图书,1827,童书,1834,动漫/卡通
1683,图书,1827,童书,1835,玩具书
1683,图书,1827,童书,1836,励志/成长
1683,图书,1827,童书,1837,学前教育
1683,图书,1827,童书,1838,音乐/舞蹈
1683,图书,1827,童书,1839,美术/书法
1683,图书,1827,童书,1840,少儿国学
1683,图书,1827,童书,1841,少儿英语
1683,图书,1827,童书,1842,笑话/幽默
1683,图书,1827,童书,1843,AR/VR
1683,图书,1827,童书,1844,0-2岁
1683,图书,1827,童书,1845,3-6岁
1683,图书,1827,童书,1846,7-10岁
1683,图书,1827,童书,1847,11-14岁
1683,图书,1827,童书,1848,儿童期刊
1683,图书,1849,励志与成功,1850,经典著作
1683,图书,1849,励志与成功,1851,个人形象
1683,图书,1849,励志与成功,1852,人在职场
1683,图书,1849,励志与成功,1853,人际与社交
1683,图书,1849,励志与成功,1854,创业必修
1683,图书,1849,励志与成功,1855,励志小品
1683,图书,1849,励志与成功,1856,大师谈励志
1683,图书,1849,励志与成功,1857,女性励志
1683,图书,1849,励志与成功,1858,男性励志
1683,图书,1849,励志与成功,1859,名人励志
1683,图书,1849,励志与成功,1860,心灵鸡汤
1683,图书,1849,励志与成功,1861,成功学
1683,图书,1849,励志与成功,1862,文明礼仪
1683,图书,1849,励志与成功,1863,智慧格言
1683,图书,1849,励志与成功,1864,演讲与口才
1683,图书,1849,励志与成功,1865,自我完善
1683,图书,1849,励志与成功,1866,自我调节
1683,图书,1849,励志与成功,1867,行业成功指南
1683,图书,1849,励志与成功,1868,青少年励志/大学生指南
1683,图书,1849,励志与成功,1869,智力与谋略
1683,图书,1849,励志与成功,1870,情商管理
1683,图书,1849,励志与成功,1871,性格/习惯
1683,图书,1849,励志与成功,1872,财富智慧
1683,图书,1849,励志与成功,1873,出国/留学
1683,图书,1874,管理,1875,经典著作
1683,图书,1874,管理,1876,MBA与工商管理
1683,图书,1874,管理,1877,人力资源管理
1683,图书,1874,管理,1878,创业/商业史传
1683,图书,1874,管理,1879,企业管理与培训
1683,图书,1874,管理,1880,供应链管理
1683,图书,1874,管理,1881,商务实务
1683,图书,1874,管理,1882,市场营销
1683,图书,1874,管理,1883,战略管理
1683,图书,1874,管理,1884,生产与运作管理
1683,图书,1874,管理,1885,电子商务
1683,图书,1874,管理,1886,管理信息系统
1683,图书,1874,管理,1887,管理学
1683,图书,1874,管理,1888,管理工具书
1683,图书,1874,管理,1889,财务管理
1683,图书,1874,管理,1890,通俗读物
1683,图书,1874,管理,1891,项目管理
1683,图书,1874,管理,1892,领导学
1683,图书,1874,管理,1893,互联网+
1683,图书,1894,经济,1895,会计、审计
1683,图书,1894,经济,1896,经典著作
1683,图书,1894,经济,1897,世界经济
1683,图书,1894,经济,1898,职业资格考试
1683,图书,1894,经济,1899,中国经济
1683,图书,1894,经济,1900,经济学理论
1683,图书,1894,经济,1901,行业经济
1683,图书,1894,经济,1902,经济体制与改革
1683,图书,1894,经济,1903,贸易经济
1683,图书,1894,经济,1904,经济计划与管理
1683,图书,1894,经济,1905,财政税收
1683,图书,1894,经济,1906,经济史
1683,图书,1894,经济,1907,工业经济
1683,图书,1894,经济,1908,工具书与参考书
1683,图书,1894,经济,1909,通俗读物
1683,图书,1894,经济,1910,智能经济
1683,图书,1911,金融与投资,1912,投资
1683,图书,1911,金融与投资,1913,国际金融
1683,图书,1911,金融与投资,1914,期货
1683,图书,1911,金融与投资,1915,各国金融银行
1683,图书,1911,金融与投资,1916,股票
1683,图书,1911,金融与投资,1917,中国金融银行
1683,图书,1911,金融与投资,1918,证券
1683,图书,1911,金融与投资,1919,货币银行学
1683,图书,1911,金融与投资,1920,基金
1683,图书,1911,金融与投资,1921,信用管理与信贷
1683,图书,1911,金融与投资,1922,保险
1683,图书,1911,金融与投资,1923,金融市场与管理
1683,图书,1911,金融与投资,1924,个人理财
1683,图书,1911,金融与投资,1925,金融理论
1683,图书,1911,金融与投资,1926,企业并购
1683,图书,1911,金融与投资,1927,互联网金融
1683,图书,1928,孕产/胎教,1929,孕前准备
1683,图书,1928,孕产/胎教,1930,孕期
1683,图书,1928,孕产/胎教,1931,胎教
1683,图书,1928,孕产/胎教,1932,产后
1683,图书,1928,孕产/胎教,1933,孕产妇饮食/保健
1683,图书,1934,育儿/家教,1935,家教理论
1683,图书,1934,育儿/家教,1936,家教方法
1683,图书,1934,育儿/家教,1937,素质教育
1683,图书,1934,育儿/家教,1938,心理疏导
1683,图书,1934,育儿/家教,1939,养育男孩
1683,图书,1934,育儿/家教,1940,养育女孩
1683,图书,1934,育儿/家教,1941,亲子关系
1683,图书,1934,育儿/家教,1942,婴幼儿保健护理
1683,图书,1934,育儿/家教,1943,育儿百科
1683,图书,1934,育儿/家教,1944,婴幼儿饮食
1683,图书,1945,旅游/地图,1946,旅游随笔
1683,图书,1945,旅游/地图,1947,旅游摄影
1683,图书,1945,旅游/地图,1948,国内游
1683,图书,1945,旅游/地图,1949,户外探险
1683,图书,1945,旅游/地图,1950,国外游
1683,图书,1945,旅游/地图,1951,旅游地图
1683,图书,1945,旅游/地图,1952,自助游
1683,图书,1945,旅游/地图,1953,导游必备
1683,图书,1945,旅游/地图,1954,旅游指南
1683,图书,1945,旅游/地图,1955,明信片
1683,图书,1945,旅游/地图,1956,热点游
1683,图书,1945,旅游/地图,1957,旅游期刊
1683,图书,1945,旅游/地图,1958,主题旅游
1683,图书,1945,旅游/地图,1959,旅游理论与实务
1683,图书,1945,旅游/地图,1960,地球仪
1683,图书,1945,旅游/地图,1961,挂图/折叠图
1683,图书,1945,旅游/地图,1962,中国地图
1683,图书,1945,旅游/地图,1963,世界地图
1683,图书,1945,旅游/地图,1964,分省/区域/城市地图
1683,图书,1945,旅游/地图,1965,全国高速公路/铁路地图
1683,图书,1945,旅游/地图,1966,国家/区域地理地图
1683,图书,1967,烹饪/美食,1968,家常菜谱
1683,图书,1967,烹饪/美食,1969,烘焙甜品
1683,图书,1967,烹饪/美食,1970,养生食疗
1683,图书,1967,烹饪/美食,1971,茶酒饮品
1683,图书,1967,烹饪/美食,1972,“三高”人群食谱
1683,图书,1967,烹饪/美食,1973,糖尿病人食谱
1683,图书,1967,烹饪/美食,1974,地方美食
1683,图书,1967,烹饪/美食,1975,饮食文化
1683,图书,1967,烹饪/美食,1976,日韩料理
1683,图书,1967,烹饪/美食,1977,西餐
1683,图书,1967,烹饪/美食,1978,美食地图
1683,图书,1967,烹饪/美食,1979,厨师用书
1683,图书,1980,时尚/美妆,1981,美容护肤
1683,图书,1980,时尚/美妆,1982,彩妆/美发/美甲
1683,图书,1980,时尚/美妆,1983,减肥瘦身
1683,图书,1980,时尚/美妆,1984,服饰搭配
1683,图书,1980,时尚/美妆,1985,品牌/奢侈品
1683,图书,1980,时尚/美妆,1986,男人时尚
1683,图书,1980,时尚/美妆,1987,时尚女人
1683,图书,1980,时尚/美妆,1988,时尚生活
1683,图书,1980,时尚/美妆,1989,时尚杂志
1683,图书,1990,家居,1991,家装家饰
1683,图书,1990,家居,1992,居家安全
1683,图书,1990,家居,1993,家庭园艺
1683,图书,1990,家居,1994,宠物
1683,图书,1990,家居,1995,爱车一族
1683,图书,1990,家居,1996,生活指南
1683,图书,1990,家居,1997,收藏鉴赏
1683,图书,1998,婚恋与两性,1999,恋爱
1683,图书,1998,婚恋与两性,2000,婚姻
1683,图书,1998,婚恋与两性,2001,两性关系
1683,图书,1998,婚恋与两性,2002,性知识
1683,图书,2003,娱乐/休闲,2004,手工DIY
1683,图书,2003,娱乐/休闲,2005,风水/占卜
1683,图书,2003,娱乐/休闲,2006,星座运程
1683,图书,2003,娱乐/休闲,2007,心理测试
1683,图书,2003,娱乐/休闲,2008,休闲游戏
1683,图书,2003,娱乐/休闲,2009,起名
1683,图书,2010,健身与保健,2011,上班族保健
1683,图书,2010,健身与保健,2012,两性健康
1683,图书,2010,健身与保健,2013,中老年健康
1683,图书,2010,健身与保健,2014,养生
1683,图书,2010,健身与保健,2015,五官护理
1683,图书,2010,健身与保健,2016,孕产妇保健
1683,图书,2010,健身与保健,2017,家庭保健
1683,图书,2010,健身与保健,2018,常见病预防与治疗
1683,图书,2010,健身与保健,2019,心理健康
1683,图书,2010,健身与保健,2020,急救常识
1683,图书,2010,健身与保健,2021,瑜伽/美体
1683,图书,2010,健身与保健,2022,婴幼儿保健
1683,图书,2010,健身与保健,2023,运动健身
1683,图书,2010,健身与保健,2024,保健食谱
1683,图书,2010,健身与保健,2025,中医保健
1683,图书,2026,动漫,2027,日本动漫
1683,图书,2026,动漫,2028,大陆动漫
1683,图书,2026,动漫,2029,欧美动漫
1683,图书,2026,动漫,2030,港台动漫
1683,图书,2026,动漫,2031,其他国外动漫
1683,图书,2026,动漫,2032,连环画
1683,图书,2026,动漫,2033,绘本
1683,图书,2026,动漫,2034,轻小说
1683,图书,2026,动漫,2035,爆笑漫画
1683,图书,2026,动漫,2036,动漫学堂
1683,图书,2026,动漫,2037,游戏/动漫同人漫画
1683,图书,2026,动漫,2038,名著漫画版
1683,图书,2039,历史,2040,中国史
1683,图书,2039,历史,2041,世界史
1683,图书,2039,历史,2042,经典著作
1683,图书,2039,历史,2043,史家名著
1683,图书,2039,历史,2044,通俗说史
1683,图书,2039,历史,2045,地方史志
1683,图书,2039,历史,2046,逸闻野史
1683,图书,2039,历史,2047,历史热点
1683,图书,2039,历史,2048,文物考古
1683,图书,2039,历史,2049,风俗习惯
1683,图书,2039,历史,2050,史学理论
1683,图书,2039,历史,2051,历史研究与评论
1683,图书,2039,历史,2052,民族史
1683,图书,2039,历史,2053,历史工具书
1683,图书,2054,心理学,2055,经典著作
1683,图书,2054,心理学,2056,大众心理学
1683,图书,2054,心理学,2057,社会心理学
1683,图书,2054,心理学,2058,人格心理学
1683,图书,2054,心理学,2059,心理咨询与治疗
1683,图书,2054,心理学,2060,女性心理学
1683,图书,2054,心理学,2061,变态/病态心理学
1683,图书,2054,心理学,2062,应用心理学
1683,图书,2054,心理学,2063,心理健康
1683,图书,2054,心理学,2064,儿童/青少年心理学
1683,图书,2054,心理学,2065,心理学理论
1683,图书,2054,心理学,2066,心理学研究方法
1683,图书,2054,心理学,2067,心理百科
1683,图书,2054,心理学,2068,心灵疗愈/催眠
1683,图书,2054,心理学,2069,生理心理学
1683,图书,2054,心理学,2070,性格色彩学
1683,图书,2071,政治/军事,2072,政治经典著作
1683,图书,2071,政治/军事,2073,世界政治
1683,图书,2071,政治/军事,2074,中国共产党
1683,图书,2071,政治/军事,2075,中国政治
1683,图书,2071,政治/军事,2076,党政读物
1683,图书,2071,政治/军事,2077,各国共产党
1683,图书,2071,政治/军事,2078,各国政治
1683,图书,2071,政治/军事,2079,外交、国际关系
1683,图书,2071,政治/军事,2080,工人、农民、青年、妇女运动与组织
1683,图书,2071,政治/军事,2081,政治热点
1683,图书,2071,政治/军事,2082,政治理论
1683,图书,2071,政治/军事,2083,公共管理
1683,图书,2071,政治/军事,2084,政治考试和教材
1683,图书,2071,政治/军事,2085,马克思主义理论
1683,图书,2071,政治/军事,2086,经典军事著作
1683,图书,2071,政治/军事,2087,中国军事
1683,图书,2071,政治/军事,2088,世界军事
1683,图书,2071,政治/军事,2089,军事理论
1683,图书,2071,政治/军事,2090,军事技术
1683,图书,2071,政治/军事,2091,战略战术战役
1683,图书,2071,政治/军事,2092,武器装备
1683,图书,2071,政治/军事,2093,反恐
1683,图书,2071,政治/军事,2094,军事教材
1683,图书,2071,政治/军事,2095,军事文学
1683,图书,2071,政治/军事,2096,军事史
1683,图书,2097,国学/古籍,2098,经部
1683,图书,2097,国学/古籍,2099,史部
1683,图书,2097,国学/古籍,2100,子部
1683,图书,2097,国学/古籍,2101,集部
1683,图书,2097,国学/古籍,2102,古籍整理
1683,图书,2097,国学/古籍,2103,四库全书
1683,图书,2097,国学/古籍,2104,国学名家
1683,图书,2097,国学/古籍,2105,线装书
1683,图书,2097,国学/古籍,2106,礼品书
1683,图书,2097,国学/古籍,2107,国学普及读物
1683,图书,2097,国学/古籍,2108,书目辞典
1683,图书,2097,国学/古籍,2109,古籍工具书
1683,图书,2097,国学/古籍,2110,古籍善本影印本
1683,图书,2111,哲学/宗教,2112,哲学经典著作
1683,图书,2111,哲学/宗教,2113,中国哲学
1683,图书,2111,哲学/宗教,2114,东方哲学
1683,图书,2111,哲学/宗教,2115,西方哲学
1683,图书,2111,哲学/宗教,2116,哲学理论与流派
1683,图书,2111,哲学/宗教,2117,马克思哲学
1683,图书,2111,哲学/宗教,2118,思维科学
1683,图书,2111,哲学/宗教,2119,美学
1683,图书,2111,哲学/宗教,2120,逻辑学
1683,图书,2111,哲学/宗教,2121,伦理学
1683,图书,2111,哲学/宗教,2122,哲学史
1683,图书,2111,哲学/宗教,2123,宗教普及读物
1683,图书,2111,哲学/宗教,2124,宗教经典著作
1683,图书,2111,哲学/宗教,2125,佛教原典
1683,图书,2111,哲学/宗教,2126,佛教研究著作
1683,图书,2111,哲学/宗教,2127,藏传佛教
1683,图书,2111,哲学/宗教,2128,佛教名家作品
1683,图书,2111,哲学/宗教,2129,宗教术数
1683,图书,2111,哲学/宗教,2130,基督教
1683,图书,2111,哲学/宗教,2131,宗教艺术
1683,图书,2111,哲学/宗教,2132,天主教
1683,图书,2111,哲学/宗教,2133,宗教理论与概况
1683,图书,2111,哲学/宗教,2134,犹太教
1683,图书,2111,哲学/宗教,2135,宗教神话与传说
1683,图书,2111,哲学/宗教,2136,道教
1683,图书,2111,哲学/宗教,2137,伊斯兰教
1683,图书,2111,哲学/宗教,2138,其他宗教
1683,图书,2139,法律,2140,经典著作
1683,图书,2139,法律,2141,理论法学
1683,图书,2139,法律,2142,法律史
1683,图书,2139,法律,2143,刑法
1683,图书,2139,法律,2144,司法制度
1683,图书,2139,法律,2145,司法案例与司法解释
1683,图书,2139,法律,2146,司法考试
1683,图书,2139,法律,2147,商法
1683,图书,2139,法律,2148,国家法、宪法
1683,图书,2139,法律,2149,外国法律与港澳台法律
1683,图书,2139,法律,2150,民法
1683,图书,2139,法律,2151,法学文集
1683,图书,2139,法律,2152,法律工具书
1683,图书,2139,法律,2153,法律教材与法律考试
1683,图书,2139,法律,2154,法律文书写作
1683,图书,2139,法律,2155,法律普及读物
1683,图书,2139,法律,2156,法律期刊
1683,图书,2139,法律,2157,法律法规
1683,图书,2139,法律,2158,经济法
1683,图书,2139,法律,2159,行政法
1683,图书,2139,法律,2160,国际法
1683,图书,2139,法律,2161,司法鉴定
1683,图书,2139,法律,2162,犯罪学
1683,图书,2139,法律,2163,刑事侦查学（犯罪对策学、犯罪侦查学）
1683,图书,2139,法律,2164,法医学
1683,图书,2139,法律,2165,诉讼法
1683,图书,2139,法律,2166,网络法律法规
1683,图书,2139,法律,2167,法律实务
1683,图书,2168,文化,2169,文化理论
1683,图书,2168,文化,2170,文化史
1683,图书,2168,文化,2171,方针政策及其阐述
1683,图书,2168,文化,2172,文化评述
1683,图书,2168,文化,2173,文化研究
1683,图书,2168,文化,2174,文化交流/文化产业
1683,图书,2168,文化,2175,文化专题研究
1683,图书,2168,文化,2176,地域文化
1683,图书,2168,文化,2177,传统文化
1683,图书,2168,文化,2178,民俗文化
1683,图书,2168,文化,2179,民族文化
1683,图书,2168,文化,2180,文化刊物
1683,图书,2168,文化,2181,世界各国文化
1683,图书,2168,文化,2182,文化随笔
1683,图书,2183,社会科学,2184,经典著作
1683,图书,2183,社会科学,2185,教育
1683,图书,2183,社会科学,2186,新闻出版/档案管理
1683,图书,2183,社会科学,2187,语言文字
1683,图书,2183,社会科学,2188,人口学
1683,图书,2183,社会科学,2189,人才学
1683,图书,2183,社会科学,2190,人类学
1683,图书,2183,社会科学,2191,社会结构和社会关系
1683,图书,2183,社会科学,2192,民族学
1683,图书,2183,社会科学,2193,社会生活与社会问题
1683,图书,2183,社会科学,2194,社会学
1683,图书,2183,社会科学,2195,社会调查
1683,图书,2183,社会科学,2196,社会科学丛书、文集、连续出版物
1683,图书,2183,社会科学,2197,社会保障
1683,图书,2183,社会科学,2198,社会科学文献检索
1683,图书,2183,社会科学,2199,社会科学理论
1683,图书,2183,社会科学,2200,公共关系
1683,图书,2183,社会科学,2201,统计学
1683,图书,2183,社会科学,2202,社区
1683,图书,2203,科普读物,2204,科普图鉴
1683,图书,2203,科普读物,2205,地球科学
1683,图书,2203,科普读物,2206,数理化
1683,图书,2203,科普读物,2207,天文航天
1683,图书,2203,科普读物,2208,生物世界
1683,图书,2203,科普读物,2209,神秘现象
1683,图书,2203,科普读物,2210,科学史话
1683,图书,2203,科普读物,2211,人类故事
1683,图书,2203,科普读物,2212,百科知识
1683,图书,2203,科普读物,2213,儿童科普
1683,图书,2214,计算机与互联网,2215,编程语言与程序设计
1683,图书,2214,计算机与互联网,2216,软件工程及软件方法学
1683,图书,2214,计算机与互联网,2217,数据库
1683,图书,2214,计算机与互联网,2218,操作系统
1683,图书,2214,计算机与互联网,2219,网络与通信
1683,图书,2214,计算机与互联网,2220,办公软件
1683,图书,2214,计算机与互联网,2221,图形图像/多媒体
1683,图书,2214,计算机与互联网,2222,网页制作/Web技术
1683,图书,2214,计算机与互联网,2223,电子商务
1683,图书,2214,计算机与互联网,2224,IT人文/互联网
1683,图书,2214,计算机与互联网,2225,数码产品攻略
1683,图书,2214,计算机与互联网,2226,专用软件
1683,图书,2214,计算机与互联网,2227,考试认证
1683,图书,2214,计算机与互联网,2228,游戏开发
1683,图书,2214,计算机与互联网,2229,硬件与维护
1683,图书,2214,计算机与互联网,2230,单片机与嵌入式
1683,图书,2214,计算机与互联网,2231,计算机工具书
1683,图书,2214,计算机与互联网,2232,大数据与云计算
1683,图书,2214,计算机与互联网,2233,辅助设计与工程计算
1683,图书,2214,计算机与互联网,2234,信息系统
1683,图书,2214,计算机与互联网,2235,计算机理论、基础知识
1683,图书,2214,计算机与互联网,2236,计算机安全
1683,图书,2214,计算机与互联网,2237,移动开发
1683,图书,2214,计算机与互联网,2238,人工智能
1683,图书,2214,计算机与互联网,2239,新手学电脑
1683,图书,2214,计算机与互联网,2240,计算机控制与仿真
1683,图书,2241,建筑,2242,园林景观
1683,图书,2241,建筑,2243,土力学、地基基础工程
1683,图书,2241,建筑,2244,城乡建设、市政工程、环境工程
1683,图书,2241,建筑,2245,城市规划、城市设计
1683,图书,2241,建筑,2246,室内设计、装饰装修
1683,图书,2241,建筑,2247,建筑工具书
1683,图书,2241,建筑,2248,工程监理
1683,图书,2241,建筑,2249,建筑制图
1683,图书,2241,建筑,2250,建筑勘测
1683,图书,2241,建筑,2251,建筑史
1683,图书,2241,建筑,2252,建筑基础科学
1683,图书,2241,建筑,2253,建筑工程经济与管理
1683,图书,2241,建筑,2254,建筑施工与机械设备
1683,图书,2241,建筑,2255,建筑材料
1683,图书,2241,建筑,2256,建筑类教材与教辅
1683,图书,2241,建筑,2257,建筑结构
1683,图书,2241,建筑,2258,建筑艺术
1683,图书,2241,建筑,2259,建筑设计
1683,图书,2241,建筑,2260,房地产开发管理
1683,图书,2241,建筑,2261,物业管理
1683,图书,2241,建筑,2262,房屋建筑设备
1683,图书,2241,建筑,2263,执业资格考试用书
1683,图书,2241,建筑,2264,标准和规范
1683,图书,2241,建筑,2265,法律法规
1683,图书,2241,建筑,2266,建筑经济
1683,图书,2267,医学,2268,医学理论与研究
1683,图书,2267,医学,2269,预防医学、卫生学
1683,图书,2267,医学,2270,中国医学
1683,图书,2267,医学,2271,基础医学
1683,图书,2267,医学,2272,临床医学
1683,图书,2267,医学,2273,护理学
1683,图书,2267,医学,2274,内科学
1683,图书,2267,医学,2275,外科学
1683,图书,2267,医学,2276,妇产科学
1683,图书,2267,医学,2277,儿科学
1683,图书,2267,医学,2278,肿瘤学
1683,图书,2267,医学,2279,神经病学与精神病学
1683,图书,2267,医学,2280,皮肤病学与性病学
1683,图书,2267,医学,2281,耳鼻咽喉科学
1683,图书,2267,医学,2282,眼科学
1683,图书,2267,医学,2283,口腔科学
1683,图书,2267,医学,2284,民族医学
1683,图书,2267,医学,2285,特种医学
1683,图书,2267,医学,2286,药学
1683,图书,2267,医学,2287,动物医学
1683,图书,2267,医学,2288,急诊学
1683,图书,2267,医学,2289,医学文献
1683,图书,2267,医学,2290,医学/药学类考试
1683,图书,2267,医学,2291,医疗器械及使用
1683,图书,2267,医学,2292,医院管理
1683,图书,2293,工业技术,2294,电工电气
1683,图书,2293,工业技术,2295,机械、仪表工业
1683,图书,2293,工业技术,2296,金属学与金属工艺
1683,图书,2293,工业技术,2297,自动化技术
1683,图书,2293,工业技术,2298,汽车与车辆
1683,图书,2293,工业技术,2299,交通运输
1683,图书,2293,工业技术,2300,能源与动力工程
1683,图书,2293,工业技术,2301,航空、航天
1683,图书,2293,工业技术,2302,一般工业技术
1683,图书,2293,工业技术,2303,原子能技术
1683,图书,2293,工业技术,2304,矿业工程
1683,图书,2293,工业技术,2305,冶金工业
1683,图书,2293,工业技术,2306,石油、天然气工业
1683,图书,2293,工业技术,2307,化学工业
1683,图书,2293,工业技术,2308,轻工业、手工业
1683,图书,2293,工业技术,2309,武器工业
1683,图书,2293,工业技术,2310,水利水电
1683,图书,2293,工业技术,2311,食品安全
1683,图书,2293,工业技术,2312,参考工具书
1683,图书,2293,工业技术,2313,工业技术理论
1683,图书,2293,工业技术,2314,机构、团体、会议
1683,图书,2315,电子与通信,2316,基础与理论
1683,图书,2315,电子与通信,2317,通信
1683,图书,2315,电子与通信,2318,基本电子电路
1683,图书,2315,电子与通信,2319,无线通信
1683,图书,2315,电子与通信,2320,微电子学、集成电路(IC)
1683,图书,2315,电子与通信,2321,移动通信
1683,图书,2315,电子与通信,2322,电子元件、组件
1683,图书,2315,电子与通信,2323,无线电设备、电信设备
1683,图书,2315,电子与通信,2324,半导体技术
1683,图书,2315,电子与通信,2325,电视
1683,图书,2315,电子与通信,2326,真空电子技术
1683,图书,2315,电子与通信,2327,广播
1683,图书,2315,电子与通信,2328,光电子技术、激光技术
1683,图书,2315,电子与通信,2329,雷达
1683,图书,2315,电子与通信,2330,电子对抗（干扰及抗干扰）
1683,图书,2315,电子与通信,2331,无线电导航
1683,图书,2332,农业/林业,2333,农业基础科学
1683,图书,2332,农业/林业,2334,农业工程
1683,图书,2332,农业/林业,2335,农艺学
1683,图书,2332,农业/林业,2336,农作物
1683,图书,2332,农业/林业,2337,植物保护
1683,图书,2332,农业/林业,2338,林业
1683,图书,2332,农业/林业,2339,园艺
1683,图书,2332,农业/林业,2340,畜牧、狩猎、蚕、蜂
1683,图书,2332,农业/林业,2341,动物医学
1683,图书,2332,农业/林业,2342,水产、渔业
1683,图书,2343,科学与自然,2344,数学
1683,图书,2343,科学与自然,2345,力学
1683,图书,2343,科学与自然,2346,物理学
1683,图书,2343,科学与自然,2347,化学
1683,图书,2343,科学与自然,2348,晶体学
1683,图书,2343,科学与自然,2349,天文学
1683,图书,2343,科学与自然,2350,测绘学
1683,图书,2343,科学与自然,2351,地球物理学
1683,图书,2343,科学与自然,2352,大气科学
1683,图书,2343,科学与自然,2353,地质学
1683,图书,2343,科学与自然,2354,海洋学
1683,图书,2343,科学与自然,2355,地理学
1683,图书,2343,科学与自然,2356,生物科学
1683,图书,2343,科学与自然,2357,环境科学
1683,图书,2343,科学与自然,2358,安全科学
1683,图书,2343,科学与自然,2359,非线性科学
1683,图书,2343,科学与自然,2360,自然科学文献检索
1683,图书,2343,科学与自然,2361,自然科学总论
1683,图书,2343,科学与自然,2362,自然科学丛书、文集、连续性出版物
1683,图书,2363,体育/运动,2364,太极/武术/气功
1683,图书,2363,体育/运动,2365,棋牌
1683,图书,2363,体育/运动,2366,跆拳道/拳击
1683,图书,2363,体育/运动,2367,球类运动
1683,图书,2363,体育/运动,2368,电子竞技
1683,图书,2363,体育/运动,2369,休闲运动
1683,图书,2363,体育/运动,2370,冰雪运动
1683,图书,2363,体育/运动,2371,水上运动
1683,图书,2363,体育/运动,2372,极限运动
1683,图书,2363,体育/运动,2373,田径/体操
1683,图书,2363,体育/运动,2374,其他运动
1683,图书,2363,体育/运动,2375,体育理论与教学
1683,图书,2363,体育/运动,2376,运动会
1683,图书,2363,体育/运动,2377,奥林匹克
1683,图书,2363,体育/运动,2378,规则/裁判
1683,图书,2379,中小学教辅,2380,小学一年级
1683,图书,2379,中小学教辅,2381,小学二年级
1683,图书,2379,中小学教辅,2382,小学三年级
1683,图书,2379,中小学教辅,2383,小学四年级
1683,图书,2379,中小学教辅,2384,小学五年级
1683,图书,2379,中小学教辅,2385,小学六年级
1683,图书,2379,中小学教辅,2386,小学通用
1683,图书,2379,中小学教辅,2387,小学升初中
1683,图书,2379,中小学教辅,2388,初一/七年级
1683,图书,2379,中小学教辅,2389,初二/八年级
1683,图书,2379,中小学教辅,2390,初三/九年级
1683,图书,2379,中小学教辅,2391,初中通用
1683,图书,2379,中小学教辅,2392,中考
1683,图书,2379,中小学教辅,2393,高一
1683,图书,2379,中小学教辅,2394,高二
1683,图书,2379,中小学教辅,2395,高三
1683,图书,2379,中小学教辅,2396,高中通用
1683,图书,2379,中小学教辅,2397,高考
1683,图书,2379,中小学教辅,2398,中小学作文辅导
1683,图书,2379,中小学教辅,2399,奥数/竞赛
1683,图书,2379,中小学教辅,2400,字帖
1683,图书,2379,中小学教辅,2401,中小学课外读物
1683,图书,2379,中小学教辅,2402,中小学工具书
1683,图书,2379,中小学教辅,2403,教师用书
1683,图书,2379,中小学教辅,2404,幼小衔接
1683,图书,2379,中小学教辅,2405,学习方法/报考指南
1683,图书,2406,大中专教材教辅,2407,大学教材
1683,图书,2406,大中专教材教辅,2408,研究生教材
1683,图书,2406,大中专教材教辅,2409,高职高专教材
1683,图书,2406,大中专教材教辅,2410,中职中专教材
1683,图书,2406,大中专教材教辅,2411,成人教育教材
1683,图书,2406,大中专教材教辅,2412,竞赛
1683,图书,2406,大中专教材教辅,2413,职业培训教材
1683,图书,2414,考试,2415,国家公务员
1683,图书,2414,考试,2416,地方公务员
1683,图书,2414,考试,2417,事业单位考试
1683,图书,2414,考试,2418,考研政治
1683,图书,2414,考试,2419,考研英语
1683,图书,2414,考试,2420,考研数学
1683,图书,2414,考试,2421,考研专业课
1683,图书,2414,考试,2422,会计类考试
1683,图书,2414,考试,2423,证券从业资格考试
1683,图书,2414,考试,2424,其他经管类考试
1683,图书,2414,考试,2425,计算机考试
1683,图书,2414,考试,2426,司法考试
1683,图书,2414,考试,2427,医学类考试
1683,图书,2414,考试,2428,工程类考试
1683,图书,2414,考试,2429,汉语/小语种考试
1683,图书,2414,考试,2430,同等学力考试
1683,图书,2414,考试,2431,MBA/MPA/MPACC
1683,图书,2414,考试,2432,GCT（工程硕士）联考
1683,图书,2414,考试,2433,法硕/金融联考
1683,图书,2414,考试,2434,在职硕士考试
1683,图书,2414,考试,2435,博士生入学考试
1683,图书,2414,考试,2436,成人高考/自考
1683,图书,2414,考试,2437,其他资格/职称考试
1683,图书,2414,考试,2438,银行类考试
1683,图书,2414,考试,2439,注册税务师
1683,图书,2414,考试,2440,教师类考试
1683,图书,2414,考试,2441,人力资源管理师考试
1683,图书,2442,外语学习,2443,英语读物
1683,图书,2442,外语学习,2444,生活实用英语
1683,图书,2442,外语学习,2445,英语口语
1683,图书,2442,外语学习,2446,英语词汇
1683,图书,2442,外语学习,2447,英语专项训练
1683,图书,2442,外语学习,2448,英语综合教程
1683,图书,2442,外语学习,2449,职业/行业英语
1683,图书,2442,外语学习,2450,职称英语
1683,图书,2442,外语学习,2451,考研英语
1683,图书,2442,外语学习,2452,英语四/六级考试（CET-4/6）
1683,图书,2442,外语学习,2453,英语专业四/八级考试
1683,图书,2442,外语学习,2454,雅思IELTS
1683,图书,2442,外语学习,2455,托福TOEFL
1683,图书,2442,外语学习,2456,托业TOEIC
1683,图书,2442,外语学习,2457,剑桥商务英语考试BEC
1683,图书,2442,外语学习,2458,GRE/GMAT
1683,图书,2442,外语学习,2459,高校英语应用能力考试
1683,图书,2442,外语学习,2460,全国公共英语等级考试（PETS）
1683,图书,2442,外语学习,2461,其它英语考试
1683,图书,2442,外语学习,2462,词典与工具书
1683,图书,2442,外语学习,2463,中小学英语
1683,图书,2442,外语学习,2464,儿童英语
1683,图书,2442,外语学习,2465,研究生英语
1683,图书,2442,外语学习,2466,大学英语
1683,图书,2442,外语学习,2467,高职高专英语
1683,图书,2442,外语学习,2468,意大利语
1683,图书,2442,外语学习,2469,老外读本
1683,图书,2442,外语学习,2470,日语
1683,图书,2442,外语学习,2471,韩语
1683,图书,2442,外语学习,2472,德语
1683,图书,2442,外语学习,2473,俄语
1683,图书,2442,外语学习,2474,法语
1683,图书,2442,外语学习,2475,西班牙语
1683,图书,2442,外语学习,2476,其他小语种
1683,图书,2442,外语学习,2477,对外汉语
1683,图书,2442,外语学习,2478,留学指南
1683,图书,2442,外语学习,2479,外语期刊
1683,图书,2442,外语学习,2480,外语教学/学术著作
1683,图书,2481,字典词典/工具书,2482,汉语字典
1683,图书,2481,字典词典/工具书,2483,汉语词典
1683,图书,2481,字典词典/工具书,2484,成语词典
1683,图书,2481,字典词典/工具书,2485,中小学工具书
1683,图书,2481,字典词典/工具书,2486,英汉/汉英词典
1683,图书,2481,字典词典/工具书,2487,日语词典
1683,图书,2481,字典词典/工具书,2488,韩语词典
1683,图书,2481,字典词典/工具书,2489,德语词典
1683,图书,2481,字典词典/工具书,2490,法语词典
1683,图书,2481,字典词典/工具书,2491,其他语种词典
1683,图书,2492,杂志/期刊,2493,时尚/美妆
1683,图书,2492,杂志/期刊,2494,旅游地理
1683,图书,2492,杂志/期刊,2495,文学文摘
1683,图书,2492,杂志/期刊,2496,家居
1683,图书,2492,杂志/期刊,2497,生活休闲
1683,图书,2492,杂志/期刊,2498,母婴育儿
1683,图书,2492,杂志/期刊,2499,新闻/人物
1683,图书,2492,杂志/期刊,2500,财经管理
1683,图书,2492,杂志/期刊,2501,健康美食
1683,图书,2492,杂志/期刊,2502,影视动漫
1683,图书,2492,杂志/期刊,2503,艺术/摄影/设计
1683,图书,2492,杂志/期刊,2504,数码/计算机
1683,图书,2492,杂志/期刊,2505,政治法律
1683,图书,2492,杂志/期刊,2506,行业刊物
1683,图书,2492,杂志/期刊,2507,社会万象
1683,图书,2492,杂志/期刊,2508,体育运动
1683,图书,2492,杂志/期刊,2509,汽车
1683,图书,2492,杂志/期刊,2510,男士
1683,图书,2492,杂志/期刊,2511,外语
1683,图书,2492,杂志/期刊,2512,历史
1683,图书,2492,杂志/期刊,2513,科普
1683,图书,2514,进口原版,2515,Arts & Photography（艺术与摄影）
1683,图书,2514,进口原版,2516,Biographies & Memoirs（传记与自传）
1683,图书,2514,进口原版,2517,Business & Investing（商业与投资）
1683,图书,2514,进口原版,2518,Children's Books（儿童图书）
1683,图书,2514,进口原版,2519,Comics & Graphic Novels（动漫与绘画小说）
1683,图书,2514,进口原版,2520,Computers & Internet（计算机与网络）
1683,图书,2514,进口原版,2521,Cooking
1683,图书,2514,进口原版,2522,ELT（英语学习）
1683,图书,2514,进口原版,2523,Entertainment（休闲娱乐）
1683,图书,2514,进口原版,2524,Health
1683,图书,2514,进口原版,2525,History（历史）
1683,图书,2514,进口原版,2526,Home & Garden（家居与园艺）
1683,图书,2514,进口原版,2527,Law（法律）
1683,图书,2514,进口原版,2528,Literature & Fiction（文学与虚构类）
1683,图书,2514,进口原版,2529,Medicine（医学）
1683,图书,2514,进口原版,2530,Mystery & Thrillers（神秘与惊悚）
1683,图书,2514,进口原版,2531,Nonfiction（非虚构类）
1683,图书,2514,进口原版,2532,Parenting & Families（养育与家庭）
1683,图书,2514,进口原版,2533,Professional & Technical（专业与技术类）
1683,图书,2514,进口原版,2534,Reference（参考书）
1683,图书,2514,进口原版,2535,Standard Test（标准考试）
1683,图书,2514,进口原版,2536,Religion & Spirituality（宗教与精神生活）
1683,图书,2514,进口原版,2537,Romance（浪漫小说）
1683,图书,2514,进口原版,2538,Science Fiction & Fantasy（科幻文学与玄幻）
1683,图书,2514,进口原版,2539,Science（科学）
1683,图书,2514,进口原版,2540,Self-Help（励志自助）
1683,图书,2514,进口原版,2541,Sports & Outdoors(运动/户外)
1683,图书,2514,进口原版,2542,Teens（青少年读物）
1683,图书,2514,进口原版,2543,Travel（旅游）
1683,图书,2514,进口原版,2544,China Interest（中国主题）
1683,图书,2514,进口原版,2545,Audio Books（有声读物）
1683,图书,2514,进口原版,2546,小语种
1683,图书,2547,港台图书,2548,藝術/設計
1683,图书,2547,港台图书,2549,收藏/鑒賞
1683,图书,2547,港台图书,2550,繪畫/書法
1683,图书,2547,港台图书,2551,動漫/繪本
1683,图书,2547,港台图书,2552,攝影
1683,图书,2547,港台图书,2553,旅遊/人文
1683,图书,2547,港台图书,2554,國學
1683,图书,2547,港台图书,2555,文化/學術
1683,图书,2547,港台图书,2556,文學
1683,图书,2547,港台图书,2557,小說
1683,图书,2547,港台图书,2558,經濟管理
1683,图书,2547,港台图书,2559,金融投資
1683,图书,2547,港台图书,2560,勵志成功
1683,图书,2547,港台图书,2561,少兒
1683,图书,2547,港台图书,2562,家庭育兒
1683,图书,2547,港台图书,2563,婚戀兩性
1683,图书,2547,港台图书,2564,生活DIY
1683,图书,2547,港台图书,2565,美食與酒
1683,图书,2547,港台图书,2566,居家生活
1683,图书,2547,港台图书,2567,裝飾裝修
1683,图书,2547,港台图书,2568,娛樂時尚
1683,图书,2547,港台图书,2569,美容瘦身
1683,图书,2547,港台图书,2570,體育/健身/保健
1683,图书,2547,港台图书,2571,自然科學
1683,图书,2547,港台图书,2572,工業/建築/計算機
1683,图书,2547,港台图书,2573,醫學
1683,图书,2547,港台图书,2574,其他圖書
1683,图书,2575,日文图书,2576,アニメ ゲーム(动漫游戏)
1683,图书,2575,日文图书,2577,エンターテイメント(娱乐)
1683,图书,2575,日文图书,2578,趣味
1683,图书,2575,日文图书,2579,日記手帳
1683,图书,2575,日文图书,2580,生活
1683,图书,2575,日文图书,2581,文庫
1683,图书,2575,日文图书,2582,文芸
1683,图书,2575,日文图书,2583,ビジネス(商务)
1683,图书,2575,日文图书,2584,人文
1683,图书,2575,日文图书,2585,教育
1683,图书,2575,日文图书,2586,就職 資格
1683,图书,2575,日文图书,2587,法律
1683,图书,2575,日文图书,2588,医薬介護
1683,图书,2575,日文图书,2589,理工
1683,图书,2575,日文图书,2590,社会
1683,图书,2575,日文图书,2591,語学
1683,图书,2575,日文图书,2592,学参
1683,图书,2575,日文图书,2593,辞典
1683,图书,2575,日文图书,2594,地図 ガイド
1683,图书,2575,日文图书,2595,コンピュータ(计算机)
1683,图书,2575,日文图书,2596,児童
1683,图书,2575,日文图书,2597,新書 選書
1683,图书,2598,套装书,2599,套装书
1683,图书,2600,文化用品,2601,文房四宝
1683,图书,2600,文化用品,2602,笔类/书写工具
1683,图书,2600,文化用品,2603,纸品/印刷制品
1683,图书,2600,文化用品,2604,金石篆刻
1683,图书,2600,文化用品,2605,教学/展示用品
1683,图书,2600,文化用品,2606,字画
1683,图书,2600,文化用品,2607,画具/画材/雕塑
1683,图书,2600,文化用品,2608,文体/棋牌
1683,图书,2600,文化用品,2609,动漫周边
1683,图书,2600,文化用品,2610,游戏/模型
1683,图书,2600,文化用品,2611,电教/儿童教育
1683,图书,2600,文化用品,2612,票/币/卡/章
1683,图书,2600,文化用品,2613,文玩/工艺品
1683,图书,2600,文化用品,2614,其他文化用品
2752,家用电器,2753,大 家 电,2754,平板电视
2752,家用电器,2753,大 家 电,2755,空调
2752,家用电器,2753,大 家 电,2756,中央空调
2752,家用电器,2753,大 家 电,2757,冰箱
2752,家用电器,2753,大 家 电,2758,洗衣机
2752,家用电器,2753,大 家 电,2759,家庭影院
2752,家用电器,2753,大 家 电,2760,DVD/电视盒子
2752,家用电器,2753,大 家 电,2761,迷你音响
2752,家用电器,2753,大 家 电,2762,冷柜/冰吧
2752,家用电器,2753,大 家 电,2763,家电配件
2752,家用电器,2753,大 家 电,2764,功放
2752,家用电器,2753,大 家 电,2765,回音壁/Soundbar
2752,家用电器,2753,大 家 电,2766,Hi-Fi专区
2752,家用电器,2753,大 家 电,2767,电视盒子
2752,家用电器,2753,大 家 电,2768,酒柜
2752,家用电器,2753,大 家 电,2769,家电服务
2752,家用电器,2753,大 家 电,2770,烘干机
2752,家用电器,2771,厨卫大电,2772,集成灶
2752,家用电器,2771,厨卫大电,2773,蒸箱
2752,家用电器,2774,厨房小电,2775,面条机
2752,家用电器,2774,厨房小电,2776,榨汁机/原汁机
2752,家用电器,2774,厨房小电,2777,电炖锅
2752,家用电器,2774,厨房小电,2778,电水壶/热水瓶
2752,家用电器,2774,厨房小电,2779,其它厨房电器
2752,家用电器,2774,厨房小电,2780,养生壶/煎药壶
2752,家用电器,2774,厨房小电,2781,空气炸锅
2752,家用电器,2774,厨房小电,2782,电陶炉
2752,家用电器,2774,厨房小电,2783,果蔬解毒机
2752,家用电器,2774,厨房小电,2784,破壁机
2752,家用电器,2774,厨房小电,2785,绞肉机
2752,家用电器,2774,厨房小电,2786,打蛋器
2752,家用电器,2774,厨房小电,2787,和面机
2752,家用电器,2788,生活电器,2789,空气净化器
2752,家用电器,2788,生活电器,2790,吸尘器/除螨仪
2752,家用电器,2788,生活电器,2791,挂烫机/熨斗
2752,家用电器,2788,生活电器,2792,收录/音机
2752,家用电器,2788,生活电器,2793,其它生活电器
2752,家用电器,2788,生活电器,2794,毛球修剪器
2752,家用电器,2795,个护健康,2796,剃须刀
2752,家用电器,2795,个护健康,2797,剃/脱毛器
2752,家用电器,2795,个护健康,2798,卷/直发器
2752,家用电器,2795,个护健康,2799,洁面仪
2752,家用电器,2795,个护健康,2800,其它健康电器
2752,家用电器,2795,个护健康,2801,足疗机
2752,家用电器,2795,个护健康,2802,眼部按摩仪
2752,家用电器,2803,商用电器,2804,商用烤箱
2752,家用电器,2803,商用电器,2805,醒发箱
2752,家用电器,2803,商用电器,2806,商用磨浆机
2752,家用电器,2803,商用电器,2807,封口机
2752,家用电器,2803,商用电器,2808,商用压面机
2752,家用电器,2803,商用电器,2809,商用电饼铛
2752,家用电器,2803,商用电器,2810,肠粉机
2752,家用电器,2803,商用电器,2811,保温售饭台
2752,家用电器,2803,商用电器,2812,棉花糖机
2752,家用电器,2803,商用电器,2813,章鱼丸机
2752,家用电器,2803,商用电器,2814,商用开水器
2752,家用电器,2803,商用电器,2815,果糖机
2752,家用电器,2803,商用电器,2816,香肠/热狗机
2752,家用电器,2803,商用电器,2817,电动餐车
2752,家用电器,2803,商用电器,2818,商用绞肉机/切肉机
2752,家用电器,2803,商用电器,2819,展示柜
2752,家用电器,2803,商用电器,2820,保鲜工作台
2752,家用电器,2803,商用电器,2821,蒸柜
2752,家用电器,2803,商用电器,2822,制冰机
2752,家用电器,2803,商用电器,2823,电炸炉
2752,家用电器,2803,商用电器,2824,扒炉
2752,家用电器,2803,商用电器,2825,商用和面机/打蛋机
2752,家用电器,2803,商用电器,2826,商用电磁炉
2752,家用电器,2803,商用电器,2827,商用吸尘器
2828,数码,2829,摄影摄像,2830,数码相机
2828,数码,2829,摄影摄像,2831,单电/微单相机
2828,数码,2829,摄影摄像,2832,单反相机
2828,数码,2829,摄影摄像,2833,摄像机
2828,数码,2829,摄影摄像,2834,拍立得
2828,数码,2829,摄影摄像,2835,运动相机
2828,数码,2829,摄影摄像,2836,镜头
2828,数码,2829,摄影摄像,2837,户外器材
2828,数码,2829,摄影摄像,2838,影棚器材
2828,数码,2829,摄影摄像,2839,冲印服务
2828,数码,2829,摄影摄像,2840,数码相框
2828,数码,2841,数码配件,2842,存储卡
2828,数码,2841,数码配件,2843,读卡器
2828,数码,2841,数码配件,2844,滤镜
2828,数码,2841,数码配件,2845,闪光灯/手柄
2828,数码,2841,数码配件,2846,相机包
2828,数码,2841,数码配件,2847,三脚架/云台
2828,数码,2841,数码配件,2848,相机清洁/贴膜
2828,数码,2841,数码配件,2849,机身附件
2828,数码,2841,数码配件,2850,镜头附件
2828,数码,2841,数码配件,2851,电池/充电器
2828,数码,2841,数码配件,2852,数码支架
2828,数码,2853,智能设备,2854,智能手环
2828,数码,2853,智能设备,2855,智能手表
2828,数码,2853,智能设备,2856,VR眼镜
2828,数码,2853,智能设备,2857,运动跟踪器
2828,数码,2853,智能设备,2858,健康监测
2828,数码,2853,智能设备,2859,智能配饰
2828,数码,2853,智能设备,2860,智能家居
2828,数码,2853,智能设备,2861,体感车
2828,数码,2853,智能设备,2862,其他配件
2828,数码,2853,智能设备,2863,智能机器人
2828,数码,2853,智能设备,2864,无人机
2828,数码,2865,影音娱乐,2866,MP3/MP4
2828,数码,2865,影音娱乐,2867,耳机/耳麦
2828,数码,2865,影音娱乐,2868,便携/无线音箱
2828,数码,2865,影音娱乐,2869,音箱/音响
2828,数码,2865,影音娱乐,2870,收音机
2828,数码,2865,影音娱乐,2871,麦克风
2828,数码,2865,影音娱乐,2872,专业音频
2828,数码,2865,影音娱乐,2873,苹果配件
2828,数码,2874,电子教育,2875,学生平板
2828,数码,2874,电子教育,2876,点读机/笔
2828,数码,2874,电子教育,2877,早教益智
2828,数码,2874,电子教育,2878,录音笔
2828,数码,2874,电子教育,2879,电纸书
2828,数码,2874,电子教育,2880,电子词典
2828,数码,2874,电子教育,2881,复读机
2828,数码,2882,虚拟商品,2883,延保服务
2828,数码,2882,虚拟商品,2884,杀毒软件
2828,数码,2882,虚拟商品,2885,积分商品
2974,电脑、办公,2975,电脑整机,2976,笔记本
2974,电脑、办公,2975,电脑整机,2977,游戏本
2974,电脑、办公,2975,电脑整机,2978,平板电脑
2974,电脑、办公,2975,电脑整机,2979,平板电脑配件
2974,电脑、办公,2975,电脑整机,2980,台式机
2974,电脑、办公,2975,电脑整机,2981,服务器/工作站
2974,电脑、办公,2975,电脑整机,2982,笔记本配件
2974,电脑、办公,2975,电脑整机,2983,一体机
2974,电脑、办公,2984,电脑配件,2985,CPU
2974,电脑、办公,2984,电脑配件,2986,主板
2974,电脑、办公,2984,电脑配件,2987,显卡
2974,电脑、办公,2984,电脑配件,2988,硬盘
2974,电脑、办公,2984,电脑配件,2989,SSD固态硬盘
2974,电脑、办公,2984,电脑配件,2990,内存
2974,电脑、办公,2984,电脑配件,2991,机箱
2974,电脑、办公,2984,电脑配件,2992,电源
2974,电脑、办公,2984,电脑配件,2993,显示器
2974,电脑、办公,2984,电脑配件,2994,刻录机/光驱
2974,电脑、办公,2984,电脑配件,2995,散热器
2974,电脑、办公,2984,电脑配件,2996,声卡/扩展卡
2974,电脑、办公,2984,电脑配件,2997,装机配件
2974,电脑、办公,2984,电脑配件,2998,组装电脑
2974,电脑、办公,2999,外设产品,3000,移动硬盘
2974,电脑、办公,2999,外设产品,3001,U盘
2974,电脑、办公,2999,外设产品,3002,鼠标
2974,电脑、办公,2999,外设产品,3003,键盘
2974,电脑、办公,2999,外设产品,3004,鼠标垫
2974,电脑、办公,2999,外设产品,3005,摄像头
2974,电脑、办公,2999,外设产品,3006,手写板
2974,电脑、办公,2999,外设产品,3007,硬盘盒
2974,电脑、办公,2999,外设产品,3008,插座
2974,电脑、办公,2999,外设产品,3009,线缆
2974,电脑、办公,2999,外设产品,3010,UPS电源
2974,电脑、办公,2999,外设产品,3011,电脑工具
2974,电脑、办公,2999,外设产品,3012,游戏设备
2974,电脑、办公,2999,外设产品,3013,电脑清洁
2974,电脑、办公,2999,外设产品,3014,网络仪表仪器
2974,电脑、办公,3015,游戏设备,3016,游戏机
2974,电脑、办公,3015,游戏设备,3017,游戏耳机
2974,电脑、办公,3015,游戏设备,3018,手柄/方向盘
2974,电脑、办公,3015,游戏设备,3019,游戏软件
2974,电脑、办公,3015,游戏设备,3020,游戏周边
2974,电脑、办公,3021,网络产品,3022,路由器
2974,电脑、办公,3021,网络产品,3023,网卡
2974,电脑、办公,3021,网络产品,3024,交换机
2974,电脑、办公,3021,网络产品,3025,网络存储
2974,电脑、办公,3021,网络产品,3026,4G/3G上网
2974,电脑、办公,3021,网络产品,3027,网络盒子
2974,电脑、办公,3021,网络产品,3028,网络配件
2974,电脑、办公,3029,办公设备,3030,投影机
2974,电脑、办公,3029,办公设备,3031,投影配件
2974,电脑、办公,3029,办公设备,3032,多功能一体机
2974,电脑、办公,3029,办公设备,3033,打印机
2974,电脑、办公,3029,办公设备,3034,传真设备
2974,电脑、办公,3029,办公设备,3035,验钞/点钞机
2974,电脑、办公,3029,办公设备,3036,扫描设备
2974,电脑、办公,3029,办公设备,3037,复合机
2974,电脑、办公,3029,办公设备,3038,碎纸机
2974,电脑、办公,3029,办公设备,3039,考勤机
2974,电脑、办公,3029,办公设备,3040,收银机
2974,电脑、办公,3029,办公设备,3041,会议音频视频
2974,电脑、办公,3029,办公设备,3042,保险柜
2974,电脑、办公,3029,办公设备,3043,装订/封装机
2974,电脑、办公,3029,办公设备,3044,安防监控
2974,电脑、办公,3029,办公设备,3045,办公家具
2974,电脑、办公,3029,办公设备,3046,白板
2974,电脑、办公,3047,文具/耗材,3048,硒鼓/墨粉
2974,电脑、办公,3047,文具/耗材,3049,墨盒
2974,电脑、办公,3047,文具/耗材,3050,色带
2974,电脑、办公,3047,文具/耗材,3051,纸类
2974,电脑、办公,3047,文具/耗材,3052,办公文具
2974,电脑、办公,3047,文具/耗材,3053,学生文具
2974,电脑、办公,3047,文具/耗材,3054,财会用品
2974,电脑、办公,3047,文具/耗材,3055,文件管理
2974,电脑、办公,3047,文具/耗材,3056,本册/便签
2974,电脑、办公,3047,文具/耗材,3057,计算器
2974,电脑、办公,3047,文具/耗材,3058,笔类
2974,电脑、办公,3047,文具/耗材,3059,画具画材
2974,电脑、办公,3047,文具/耗材,3060,刻录碟片/附件
2974,电脑、办公,3064,服务产品,3066,延保服务
2974,电脑、办公,3064,服务产品,3067,维修保养
2974,电脑、办公,3064,服务产品,3068,电脑软件
2974,电脑、办公,3064,服务产品,3069,京东服务
3218,家居日用,3219,家纺,3220,沙发垫套/椅垫
3218,家居日用,3219,家纺,3221,毯子
3218,家居日用,3222,收纳用品,3223,收纳袋/包
3218,家居日用,3222,收纳用品,3224,收纳柜
3218,家居日用,3222,收纳用品,3225,收纳箱/盒
3218,家居日用,3222,收纳用品,3226,防尘罩
3218,家居日用,3222,收纳用品,3227,收纳架/篮
3218,家居日用,3228,生活日用,3229,保暖防护
3218,家居日用,3228,生活日用,3230,雨伞雨具
3218,家居日用,3228,生活日用,3231,浴室用品
3218,家居日用,3228,生活日用,3232,缝纫/针织用品
3218,家居日用,3228,生活日用,3233,洗晒/熨烫
3218,家居日用,3228,生活日用,3234,净化除味
3218,家居日用,3235,家装软饰,3236,相框/照片墙
3218,家居日用,3235,家装软饰,3237,装饰字画
3218,家居日用,3235,家装软饰,3238,节庆饰品
3218,家居日用,3235,家装软饰,3239,手工/十字绣
3218,家居日用,3235,家装软饰,3240,装饰摆件
3218,家居日用,3235,家装软饰,3241,帘艺隔断
3218,家居日用,3235,家装软饰,3242,墙贴/装饰贴
3218,家居日用,3235,家装软饰,3243,钟饰
3218,家居日用,3235,家装软饰,3244,花瓶花艺
3218,家居日用,3235,家装软饰,3245,香薰蜡烛
3218,家居日用,3235,家装软饰,3246,创意家居
3247,家纺,3248,床上用品,3249,三件套
3247,家纺,3248,床上用品,3250,四件套
3247,家纺,3248,床上用品,3251,多件套
3247,家纺,3248,床上用品,3252,羽绒/羽毛被
3247,家纺,3248,床上用品,3253,蚕丝被
3247,家纺,3248,床上用品,3254,羊毛/驼毛被
3247,家纺,3248,床上用品,3255,纤维被
3247,家纺,3248,床上用品,3256,棉花被
3247,家纺,3248,床上用品,3257,乳胶枕
3247,家纺,3248,床上用品,3258,记忆枕
3247,家纺,3248,床上用品,3259,花草枕
3247,家纺,3248,床上用品,3260,纤维枕
3247,家纺,3248,床上用品,3261,羽绒枕
3247,家纺,3248,床上用品,3262,蚕丝枕
3247,家纺,3248,床上用品,3263,蚊帐
3247,家纺,3248,床上用品,3264,牛皮席
3247,家纺,3248,床上用品,3265,草席/藤席
3247,家纺,3248,床上用品,3266,竹席
3247,家纺,3248,床上用品,3267,冰丝席
3247,家纺,3248,床上用品,3268,粗布凉席
3247,家纺,3248,床上用品,3269,其它凉席
3247,家纺,3248,床上用品,3270,床单/床笠
3247,家纺,3248,床上用品,3271,毛毯
3247,家纺,3248,床上用品,3272,床垫/床褥
3247,家纺,3248,床上用品,3273,被套
3247,家纺,3248,床上用品,3274,枕巾枕套
3247,家纺,3248,床上用品,3275,电热毯
3247,家纺,3276,居家布艺,3277,毛巾
3247,家纺,3276,居家布艺,3278,浴巾
3247,家纺,3276,居家布艺,3279,毛巾礼盒套装
3247,家纺,3276,居家布艺,3280,地毯
3247,家纺,3276,居家布艺,3281,地垫
3247,家纺,3276,居家布艺,3282,抱枕靠垫
3247,家纺,3276,居家布艺,3283,桌布/罩件
3247,家纺,3276,居家布艺,3284,沙发垫套/椅垫
3247,家纺,3276,居家布艺,3285,窗帘/窗纱
3286,服饰内衣,3287,女装,3288,T恤
3286,服饰内衣,3287,女装,3289,衬衫
3286,服饰内衣,3287,女装,3290,针织衫
3286,服饰内衣,3287,女装,3291,雪纺衫
3286,服饰内衣,3287,女装,3292,卫衣
3286,服饰内衣,3287,女装,3293,马甲
3286,服饰内衣,3287,女装,3294,连衣裙
3286,服饰内衣,3287,女装,3295,半身裙
3286,服饰内衣,3287,女装,3296,牛仔裤
3286,服饰内衣,3287,女装,3297,休闲裤
3286,服饰内衣,3287,女装,3298,打底裤
3286,服饰内衣,3287,女装,3299,正装裤
3286,服饰内衣,3287,女装,3300,小西装
3286,服饰内衣,3287,女装,3301,短外套
3286,服饰内衣,3287,女装,3302,风衣
3286,服饰内衣,3287,女装,3303,毛呢大衣
3286,服饰内衣,3287,女装,3304,真皮皮衣
3286,服饰内衣,3287,女装,3305,棉服
3286,服饰内衣,3287,女装,3306,羽绒服
3286,服饰内衣,3287,女装,3307,大码女装
3286,服饰内衣,3287,女装,3308,中老年女装
3286,服饰内衣,3287,女装,3309,婚纱
3286,服饰内衣,3287,女装,3310,打底衫
3286,服饰内衣,3287,女装,3311,旗袍/唐装
3286,服饰内衣,3287,女装,3312,加绒裤
3286,服饰内衣,3287,女装,3313,吊带/背心
3286,服饰内衣,3287,女装,3314,羊绒衫
3286,服饰内衣,3287,女装,3315,短裤
3286,服饰内衣,3287,女装,3316,皮草
3286,服饰内衣,3287,女装,3317,礼服
3286,服饰内衣,3287,女装,3318,仿皮皮衣
3286,服饰内衣,3287,女装,3319,毛衣
3286,服饰内衣,3287,女装,3320,设计师/潮牌
3286,服饰内衣,3321,男装,3322,衬衫
3286,服饰内衣,3321,男装,3323,T恤
3286,服饰内衣,3321,男装,3324,POLO衫
3286,服饰内衣,3321,男装,3325,针织衫
3286,服饰内衣,3321,男装,3326,羊绒衫
3286,服饰内衣,3321,男装,3327,卫衣
3286,服饰内衣,3321,男装,3328,马甲/背心
3286,服饰内衣,3321,男装,3329,夹克
3286,服饰内衣,3321,男装,3330,风衣
3286,服饰内衣,3321,男装,3331,毛呢大衣
3286,服饰内衣,3321,男装,3332,仿皮皮衣
3286,服饰内衣,3321,男装,3333,西服
3286,服饰内衣,3321,男装,3334,棉服
3286,服饰内衣,3321,男装,3335,羽绒服
3286,服饰内衣,3321,男装,3336,牛仔裤
3286,服饰内衣,3321,男装,3337,休闲裤
3286,服饰内衣,3321,男装,3338,西裤
3286,服饰内衣,3321,男装,3339,西服套装
3286,服饰内衣,3321,男装,3340,大码男装
3286,服饰内衣,3321,男装,3341,中老年男装
3286,服饰内衣,3321,男装,3342,唐装/中山装
3286,服饰内衣,3321,男装,3343,工装
3286,服饰内衣,3321,男装,3344,真皮皮衣
3286,服饰内衣,3321,男装,3345,加绒裤
3286,服饰内衣,3321,男装,3346,卫裤/运动裤
3286,服饰内衣,3321,男装,3347,短裤
3286,服饰内衣,3321,男装,3348,设计师/潮牌
3286,服饰内衣,3321,男装,3349,羊毛衫
3286,服饰内衣,3350,内衣,3351,文胸
3286,服饰内衣,3350,内衣,3352,女式内裤
3286,服饰内衣,3350,内衣,3353,男式内裤
3286,服饰内衣,3350,内衣,3354,睡衣/家居服
3286,服饰内衣,3350,内衣,3355,塑身美体
3286,服饰内衣,3350,内衣,3356,泳衣
3286,服饰内衣,3350,内衣,3357,吊带/背心
3286,服饰内衣,3350,内衣,3358,抹胸
3286,服饰内衣,3350,内衣,3359,连裤袜/丝袜
3286,服饰内衣,3350,内衣,3360,美腿袜
3286,服饰内衣,3350,内衣,3361,商务男袜
3286,服饰内衣,3350,内衣,3362,保暖内衣
3286,服饰内衣,3350,内衣,3363,情侣睡衣
3286,服饰内衣,3350,内衣,3364,文胸套装
3286,服饰内衣,3350,内衣,3365,少女文胸
3286,服饰内衣,3350,内衣,3366,休闲袜
3286,服饰内衣,3350,内衣,3367,大码内衣
3286,服饰内衣,3350,内衣,3368,内衣配件
3286,服饰内衣,3350,内衣,3369,打底裤袜
3286,服饰内衣,3350,内衣,3370,打底衫
3286,服饰内衣,3350,内衣,3371,秋衣秋裤
3286,服饰内衣,3350,内衣,3372,情趣内衣
3286,服饰内衣,3373,洗衣服务,3374,服装洗护
3286,服饰内衣,3375,服饰配件,3376,太阳镜
3286,服饰内衣,3375,服饰配件,3377,光学镜架/镜片
3286,服饰内衣,3375,服饰配件,3378,围巾/手套/帽子套装
3286,服饰内衣,3375,服饰配件,3379,袖扣
3286,服饰内衣,3375,服饰配件,3380,棒球帽
3286,服饰内衣,3375,服饰配件,3381,毛线帽
3286,服饰内衣,3375,服饰配件,3382,遮阳帽
3286,服饰内衣,3375,服饰配件,3383,老花镜
3286,服饰内衣,3375,服饰配件,3384,装饰眼镜
3286,服饰内衣,3375,服饰配件,3385,防辐射眼镜
3286,服饰内衣,3375,服饰配件,3386,游泳镜
3286,服饰内衣,3375,服饰配件,3387,女士丝巾/围巾/披肩
3286,服饰内衣,3375,服饰配件,3388,男士丝巾/围巾
3286,服饰内衣,3375,服饰配件,3389,鸭舌帽
3286,服饰内衣,3375,服饰配件,3390,贝雷帽
3286,服饰内衣,3375,服饰配件,3391,礼帽
3286,服饰内衣,3375,服饰配件,3392,真皮手套
3286,服饰内衣,3375,服饰配件,3393,毛线手套
3286,服饰内衣,3375,服饰配件,3394,防晒手套
3286,服饰内衣,3375,服饰配件,3395,男士腰带/礼盒
3286,服饰内衣,3375,服饰配件,3396,女士腰带/礼盒
3286,服饰内衣,3375,服饰配件,3397,钥匙扣
3286,服饰内衣,3375,服饰配件,3398,遮阳伞/雨伞
3286,服饰内衣,3375,服饰配件,3399,口罩
3286,服饰内衣,3375,服饰配件,3400,耳罩/耳包
3286,服饰内衣,3375,服饰配件,3401,假领
3286,服饰内衣,3375,服饰配件,3402,毛线/布面料
3286,服饰内衣,3375,服饰配件,3403,领带/领结/领带夹
3404,测试分类,3405,测试分类二级01,3406,测试分类不绑定第二分类
3404,测试分类,3405,测试分类二级01,3407,测试分类三级新增
3404,测试分类,3405,测试分类二级01,3408,测试属性下沉
3404,测试分类,3405,测试分类二级01,3409,测试分组
3404,测试分类,3405,测试分类二级01,3410,测试分类3级测试
3404,测试分类,3405,测试分类二级01,3411,测试三级分类-zz11
3404,测试分类,3405,测试分类二级01,3412,测试分类下柜
3404,测试分类,3405,测试分类二级01,3413,测试分类三级andPop
3414,美妆个护,3415,清洁用品,3416,纸品湿巾
3414,美妆个护,3415,清洁用品,3417,衣物清洁
3414,美妆个护,3415,清洁用品,3418,清洁工具
3414,美妆个护,3415,清洁用品,3419,驱虫用品
3414,美妆个护,3415,清洁用品,3420,家庭清洁
3414,美妆个护,3415,清洁用品,3421,皮具护理
3414,美妆个护,3415,清洁用品,3422,一次性用品
3414,美妆个护,3423,面部护肤,3424,洁面
3414,美妆个护,3423,面部护肤,3425,乳液面霜
3414,美妆个护,3423,面部护肤,3426,面膜
3414,美妆个护,3423,面部护肤,3427,剃须
3414,美妆个护,3423,面部护肤,3428,套装
3414,美妆个护,3423,面部护肤,3429,精华
3414,美妆个护,3423,面部护肤,3430,眼霜
3414,美妆个护,3423,面部护肤,3431,卸妆
3414,美妆个护,3423,面部护肤,3432,防晒
3414,美妆个护,3423,面部护肤,3433,爽肤水
3414,美妆个护,3434,身体护理,3435,沐浴
3414,美妆个护,3434,身体护理,3436,润肤
3414,美妆个护,3434,身体护理,3437,颈部
3414,美妆个护,3434,身体护理,3438,手足
3414,美妆个护,3434,身体护理,3439,纤体塑形
3414,美妆个护,3434,身体护理,3440,美胸
3414,美妆个护,3434,身体护理,3441,套装
3414,美妆个护,3434,身体护理,3442,精油
3414,美妆个护,3443,口腔护理,3444,牙膏/牙粉
3414,美妆个护,3443,口腔护理,3445,牙刷/牙线
3414,美妆个护,3443,口腔护理,3446,漱口水
3414,美妆个护,3443,口腔护理,3447,套装
3414,美妆个护,3448,女性护理,3449,卫生巾
3414,美妆个护,3448,女性护理,3450,卫生护垫
3414,美妆个护,3448,女性护理,3451,私密护理
3414,美妆个护,3448,女性护理,3452,脱毛膏
3414,美妆个护,3453,洗发护发,3454,洗发
3414,美妆个护,3453,洗发护发,3455,护发
3414,美妆个护,3453,洗发护发,3456,染发
3414,美妆个护,3453,洗发护发,3457,造型
3414,美妆个护,3453,洗发护发,3458,假发
3414,美妆个护,3453,洗发护发,3459,套装
3414,美妆个护,3453,洗发护发,3460,美发工具
3414,美妆个护,3461,香水彩妆,3462,香水
3414,美妆个护,3461,香水彩妆,3463,底妆
3414,美妆个护,3461,香水彩妆,3464,腮红
3414,美妆个护,3461,香水彩妆,3465,眼影
3414,美妆个护,3461,香水彩妆,3466,唇部
3414,美妆个护,3461,香水彩妆,3467,美甲
3414,美妆个护,3461,香水彩妆,3468,眼线
3414,美妆个护,3461,香水彩妆,3469,美妆工具
3414,美妆个护,3461,香水彩妆,3470,套装
3414,美妆个护,3461,香水彩妆,3471,眉笔
3414,美妆个护,3461,香水彩妆,3472,睫毛膏
3473,礼品箱包,3474,潮流女包,3475,单肩包
3473,礼品箱包,3474,潮流女包,3476,手提包
3473,礼品箱包,3474,潮流女包,3477,斜挎包
3473,礼品箱包,3474,潮流女包,3478,双肩包
3473,礼品箱包,3474,潮流女包,3479,钱包
3473,礼品箱包,3474,潮流女包,3480,手拿包
3473,礼品箱包,3474,潮流女包,3481,化妆包
3473,礼品箱包,3474,潮流女包,3482,卡包/零钱包
3473,礼品箱包,3474,潮流女包,3483,钥匙包
3473,礼品箱包,3484,精品男包,3485,男士钱包
3473,礼品箱包,3484,精品男包,3486,男包配件
3473,礼品箱包,3484,精品男包,3487,男士手包
3473,礼品箱包,3484,精品男包,3488,证件包
3473,礼品箱包,3484,精品男包,3489,卡包名片夹
3473,礼品箱包,3484,精品男包,3490,商务公文包
3473,礼品箱包,3484,精品男包,3491,双肩包
3473,礼品箱包,3484,精品男包,3492,手机包
3473,礼品箱包,3484,精品男包,3493,单肩/斜挎包
3473,礼品箱包,3484,精品男包,3494,钥匙包
3473,礼品箱包,3495,功能箱包,3496,电脑包
3473,礼品箱包,3495,功能箱包,3497,拉杆箱
3473,礼品箱包,3495,功能箱包,3498,旅行包
3473,礼品箱包,3495,功能箱包,3499,旅行配件
3473,礼品箱包,3495,功能箱包,3500,休闲运动包
3473,礼品箱包,3495,功能箱包,3501,拉杆包
3473,礼品箱包,3495,功能箱包,3502,登山包
3473,礼品箱包,3495,功能箱包,3503,妈咪包
3473,礼品箱包,3495,功能箱包,3504,书包
3473,礼品箱包,3495,功能箱包,3505,相机包
3473,礼品箱包,3495,功能箱包,3506,腰包/胸包
3473,礼品箱包,3507,礼品,3508,火机烟具
3473,礼品箱包,3507,礼品,3509,礼品文具
3473,礼品箱包,3507,礼品,3510,军刀军具
3473,礼品箱包,3507,礼品,3511,收藏品
3473,礼品箱包,3507,礼品,3512,工艺礼品
3473,礼品箱包,3507,礼品,3513,创意礼品
3473,礼品箱包,3507,礼品,3514,礼盒礼券
3473,礼品箱包,3507,礼品,3515,鲜花
3473,礼品箱包,3507,礼品,3516,婚庆节庆
3473,礼品箱包,3507,礼品,3517,电子礼品
3473,礼品箱包,3507,礼品,3518,熏香
3473,礼品箱包,3507,礼品,3519,京东卡
3473,礼品箱包,3507,礼品,3520,美妆礼品
3473,礼品箱包,3507,礼品,3521,礼品定制
3473,礼品箱包,3507,礼品,3522,京东福气卡
3473,礼品箱包,3507,礼品,3523,古董文玩
3473,礼品箱包,3524,奢侈品,3525,箱包
3473,礼品箱包,3524,奢侈品,3526,钱包
3473,礼品箱包,3524,奢侈品,3527,男装
3473,礼品箱包,3524,奢侈品,3528,腰带
3473,礼品箱包,3524,奢侈品,3529,太阳镜/眼镜框
3473,礼品箱包,3524,奢侈品,3530,配件
3473,礼品箱包,3524,奢侈品,3531,鞋靴
3473,礼品箱包,3524,奢侈品,3532,饰品
3473,礼品箱包,3524,奢侈品,3533,名品腕表
3473,礼品箱包,3524,奢侈品,3534,高档化妆品
3473,礼品箱包,3535,火机烟具,3536,电子烟
3473,礼品箱包,3535,火机烟具,3537,烟油
3473,礼品箱包,3535,火机烟具,3538,打火机
3473,礼品箱包,3535,火机烟具,3539,烟嘴
3473,礼品箱包,3535,火机烟具,3540,烟斗
3473,礼品箱包,3535,火机烟具,3541,烟盒
3473,礼品箱包,3542,婚庆,3543,婚嫁首饰
3473,礼品箱包,3542,婚庆,3544,婚纱摄影
3473,礼品箱包,3542,婚庆,3545,婚纱礼服
3473,礼品箱包,3542,婚庆,3546,婚庆服务
3473,礼品箱包,3542,婚庆,3547,婚庆礼品/用品
3473,礼品箱包,3542,婚庆,3548,婚宴
3473,礼品箱包,3549,鲜花速递,3550,鲜花
3473,礼品箱包,3549,鲜花速递,3551,永生花
3473,礼品箱包,3549,鲜花速递,3552,香皂花
3473,礼品箱包,3549,鲜花速递,3553,卡通花束
3473,礼品箱包,3549,鲜花速递,3554,干花
3555,运动户外,3556,运动鞋包,3557,跑步鞋
3555,运动户外,3556,运动鞋包,3558,休闲鞋
3555,运动户外,3556,运动鞋包,3559,篮球鞋
3555,运动户外,3556,运动鞋包,3560,板鞋
3555,运动户外,3556,运动鞋包,3561,帆布鞋
3555,运动户外,3556,运动鞋包,3562,足球鞋
3555,运动户外,3556,运动鞋包,3563,乒羽网鞋
3555,运动户外,3556,运动鞋包,3564,专项运动鞋
3555,运动户外,3556,运动鞋包,3565,训练鞋
3555,运动户外,3556,运动鞋包,3566,拖鞋
3555,运动户外,3556,运动鞋包,3567,运动包
3555,运动户外,3568,运动服饰,3569,羽绒服
3555,运动户外,3568,运动服饰,3570,棉服
3555,运动户外,3568,运动服饰,3571,夹克/风衣
3555,运动户外,3568,运动服饰,3572,卫衣/套头衫
3555,运动户外,3568,运动服饰,3573,T恤
3555,运动户外,3568,运动服饰,3574,套装
3555,运动户外,3568,运动服饰,3575,乒羽网服
3555,运动户外,3568,运动服饰,3576,运动背心
3555,运动户外,3568,运动服饰,3577,毛衫/线衫
3555,运动户外,3568,运动服饰,3578,运动配饰
3555,运动户外,3568,运动服饰,3579,运动内衣
3555,运动户外,3580,骑行运动,3581,折叠车
3555,运动户外,3580,骑行运动,3582,电动滑板车
3555,运动户外,3580,骑行运动,3583,公路车
3555,运动户外,3580,骑行运动,3584,山地车
3555,运动户外,3580,骑行运动,3585,电动车
3555,运动户外,3580,骑行运动,3586,城市自行车
3555,运动户外,3580,骑行运动,3587,骑行服
3555,运动户外,3580,骑行运动,3588,自行车配件
3555,运动户外,3580,骑行运动,3589,穿戴装备
3555,运动户外,3580,骑行运动,3590,平衡车
3555,运动户外,3591,垂钓用品,3592,钓鱼服饰
3555,运动户外,3591,垂钓用品,3593,钓竿
3555,运动户外,3591,垂钓用品,3594,鱼线
3555,运动户外,3591,垂钓用品,3595,鱼饵
3555,运动户外,3591,垂钓用品,3596,浮漂
3555,运动户外,3591,垂钓用品,3597,鱼线轮
3555,运动户外,3591,垂钓用品,3598,钓箱钓椅
3555,运动户外,3591,垂钓用品,3599,钓鱼灯
3555,运动户外,3591,垂钓用品,3600,渔具包
3555,运动户外,3591,垂钓用品,3601,辅助装备
3555,运动户外,3602,游泳用品,3603,游泳圈
3555,运动户外,3602,游泳用品,3604,泳帽
3555,运动户外,3602,游泳用品,3605,游泳包防水包
3555,运动户外,3602,游泳用品,3606,女士泳衣
3555,运动户外,3602,游泳用品,3607,男士泳衣
3555,运动户外,3602,游泳用品,3608,比基尼
3555,运动户外,3602,游泳用品,3609,游泳配件
3555,运动户外,3610,体育服务,3611,赛事报名
3555,运动户外,3610,体育服务,3612,私教培训
3555,运动户外,3610,体育服务,3613,团体培训
3555,运动户外,3610,体育服务,3614,其他
3555,运动户外,3615,户外鞋服,3616,速干衣裤
3555,运动户外,3615,户外鞋服,3617,滑雪服
3555,运动户外,3615,户外鞋服,3618,羽绒服/棉服
3555,运动户外,3615,户外鞋服,3619,休闲衣裤
3555,运动户外,3615,户外鞋服,3620,抓绒衣裤
3555,运动户外,3615,户外鞋服,3621,软壳衣裤
3555,运动户外,3615,户外鞋服,3622,T恤
3555,运动户外,3615,户外鞋服,3623,功能内衣
3555,运动户外,3615,户外鞋服,3624,军迷服饰
3555,运动户外,3615,户外鞋服,3625,登山鞋
3555,运动户外,3615,户外鞋服,3626,雪地靴
3555,运动户外,3615,户外鞋服,3627,徒步鞋
3555,运动户外,3615,户外鞋服,3628,越野跑鞋
3555,运动户外,3615,户外鞋服,3629,休闲鞋
3555,运动户外,3615,户外鞋服,3630,工装鞋
3555,运动户外,3615,户外鞋服,3631,溯溪鞋
3555,运动户外,3615,户外鞋服,3632,沙滩/凉拖
3555,运动户外,3615,户外鞋服,3633,户外袜
3555,运动户外,3634,户外装备,3635,帐篷/垫子
3555,运动户外,3634,户外装备,3636,飞机游艇
3555,运动户外,3634,户外装备,3637,睡袋/吊床
3555,运动户外,3634,户外装备,3638,登山攀岩
3555,运动户外,3634,户外装备,3639,户外配饰
3555,运动户外,3634,户外装备,3640,背包
3555,运动户外,3634,户外装备,3641,户外照明
3555,运动户外,3634,户外装备,3642,烧烤用具
3555,运动户外,3634,户外装备,3643,户外仪表
3555,运动户外,3634,户外装备,3644,便携桌椅床
3555,运动户外,3634,户外装备,3645,野餐用品
3555,运动户外,3634,户外装备,3646,军迷用品
3555,运动户外,3634,户外装备,3647,救援装备
3555,运动户外,3634,户外装备,3648,滑雪装备
3555,运动户外,3634,户外装备,3649,极限户外
3555,运动户外,3634,户外装备,3650,冲浪潜水
3555,运动户外,3651,健身训练,3652,综合训练器
3555,运动户外,3651,健身训练,3653,划船机
3555,运动户外,3651,健身训练,3654,舞蹈用品
3555,运动户外,3651,健身训练,3655,椭圆机
3555,运动户外,3651,健身训练,3656,倒立机
3555,运动户外,3651,健身训练,3657,哑铃
3555,运动户外,3651,健身训练,3658,拉力器/臂力器
3555,运动户外,3651,健身训练,3659,仰卧板/收腹机
3555,运动户外,3651,健身训练,3660,跳绳
3555,运动户外,3651,健身训练,3661,健腹轮
3555,运动户外,3651,健身训练,3662,动感单车
3555,运动户外,3651,健身训练,3663,健身车
3555,运动户外,3651,健身训练,3664,单双杠/引体向上
3555,运动户外,3651,健身训练,3665,健身路径
3555,运动户外,3651,健身训练,3666,甩脂机
3555,运动户外,3651,健身训练,3667,踏步机
3555,运动户外,3651,健身训练,3668,武术搏击
3555,运动户外,3651,健身训练,3669,跑步机
3555,运动户外,3670,体育用品,3671,民俗运动
3555,运动户外,3670,体育用品,3672,其他田径用品
3555,运动户外,3670,体育用品,3673,羽毛球拍
3555,运动户外,3670,体育用品,3674,乒乓球拍
3555,运动户外,3670,体育用品,3675,篮球
3555,运动户外,3670,体育用品,3676,足球
3555,运动户外,3670,体育用品,3677,网球拍
3555,运动户外,3670,体育用品,3678,排球
3555,运动户外,3670,体育用品,3679,高尔夫球杆套杆
3555,运动户外,3670,体育用品,3680,台球桌
3555,运动户外,3670,体育用品,3681,棋牌麻将
3555,运动户外,3670,体育用品,3682,棒球
3555,运动户外,3683,赠品,3684,赠品
3685,汽车用品,3686,维修保养,3687,刹车盘/鼓
3685,汽车用品,3686,维修保养,3688,机油
3685,汽车用品,3686,维修保养,3689,刹车油
3685,汽车用品,3686,维修保养,3690,正时皮带
3685,汽车用品,3686,维修保养,3691,刹车蹄
3685,汽车用品,3686,维修保养,3692,刹车卡钳
3685,汽车用品,3686,维修保养,3693,汽车喇叭
3685,汽车用品,3686,维修保养,3694,刹车泵
3685,汽车用品,3686,维修保养,3695,刹车油管
3685,汽车用品,3686,维修保养,3696,空调滤清器
3685,汽车用品,3686,维修保养,3697,汽车玻璃
3685,汽车用品,3686,维修保养,3698,氙气灯
3685,汽车用品,3686,维修保养,3699,空气滤清器
3685,汽车用品,3686,维修保养,3700,燃油滤清器
3685,汽车用品,3686,维修保养,3701,机油滤清器
3685,汽车用品,3686,维修保养,3702,大灯总成
3685,汽车用品,3686,维修保养,3703,LED车灯
3685,汽车用品,3686,维修保养,3704,柴机油/辅助油
3685,汽车用品,3686,维修保养,3705,雨刷
3685,汽车用品,3686,维修保养,3706,卤素灯
3685,汽车用品,3686,维修保养,3707,后视镜
3685,汽车用品,3686,维修保养,3708,轮毂
3685,汽车用品,3686,维修保养,3709,刹车片
3685,汽车用品,3686,维修保养,3710,蓄电池
3685,汽车用品,3686,维修保养,3711,底盘装甲/护板
3685,汽车用品,3686,维修保养,3712,贴膜
3685,汽车用品,3686,维修保养,3713,汽修工具
3685,汽车用品,3686,维修保养,3714,改装配件
3685,汽车用品,3715,车载电器,3716,导航仪
3685,汽车用品,3715,车载电器,3717,车载充电器
3685,汽车用品,3715,车载电器,3718,逆变器
3685,汽车用品,3715,车载电器,3719,后视镜导航
3685,汽车用品,3715,车载电器,3720,安全预警仪
3685,汽车用品,3715,车载电器,3721,行车记录仪
3685,汽车用品,3715,车载电器,3722,倒车雷达
3685,汽车用品,3715,车载电器,3723,车载蓝牙
3685,汽车用品,3715,车载电器,3724,车载影音
3685,汽车用品,3715,车载电器,3725,车载净化器
3685,汽车用品,3715,车载电器,3726,电源
3685,汽车用品,3715,车载电器,3727,驾驶辅助
3685,汽车用品,3715,车载电器,3728,车载电台
3685,汽车用品,3715,车载电器,3729,车载电器配件
3685,汽车用品,3715,车载电器,3730,车载吸尘器
3685,汽车用品,3715,车载电器,3731,车机
3685,汽车用品,3715,车载电器,3732,汽车音响
3685,汽车用品,3715,车载电器,3733,车载生活电器
3685,汽车用品,3734,美容清洗,3735,隐形车衣
3685,汽车用品,3734,美容清洗,3736,汽车贴膜
3685,汽车用品,3734,美容清洗,3737,底盘装甲
3685,汽车用品,3734,美容清洗,3738,镀膜
3685,汽车用品,3734,美容清洗,3739,车用掸子
3685,汽车用品,3734,美容清洗,3740,防雾剂
3685,汽车用品,3734,美容清洗,3741,喷漆
3685,汽车用品,3734,美容清洗,3742,洗车工具
3685,汽车用品,3734,美容清洗,3743,镀晶
3685,汽车用品,3734,美容清洗,3744,打蜡机
3685,汽车用品,3734,美容清洗,3745,洗车毛巾
3685,汽车用品,3746,汽车装饰,3747,车身装饰条
3685,汽车用品,3746,汽车装饰,3748,汽车炭包
3685,汽车用品,3746,汽车装饰,3749,车用收纳袋/盒
3685,汽车用品,3746,汽车装饰,3750,汽车除雪铲
3685,汽车用品,3746,汽车装饰,3751,遮阳挡/雪挡
3685,汽车用品,3746,汽车装饰,3752,汽车窗帘
3685,汽车用品,3746,汽车装饰,3753,脚垫
3685,汽车用品,3746,汽车装饰,3754,车载支架
3685,汽车用品,3746,汽车装饰,3755,汽车装饰灯
3685,汽车用品,3746,汽车装饰,3756,踏板
3685,汽车用品,3746,汽车装饰,3757,行李架/箱
3685,汽车用品,3746,汽车装饰,3758,摆件
3685,汽车用品,3746,汽车装饰,3759,小圆镜
3685,汽车用品,3746,汽车装饰,3760,雨眉
3685,汽车用品,3746,汽车装饰,3761,车贴
3685,汽车用品,3746,汽车装饰,3762,保险杠
3685,汽车用品,3746,汽车装饰,3763,扶手箱
3685,汽车用品,3746,汽车装饰,3764,车载纸巾盒
3685,汽车用品,3746,汽车装饰,3765,汽车防滑垫
3685,汽车用品,3746,汽车装饰,3766,隔音隔热棉
3685,汽车用品,3746,汽车装饰,3767,排挡/手刹套
3685,汽车用品,3746,汽车装饰,3768,车载烟灰缸
3685,汽车用品,3746,汽车装饰,3769,临时停车牌
3685,汽车用品,3746,汽车装饰,3770,防踢垫
3685,汽车用品,3746,汽车装饰,3771,座垫
3685,汽车用品,3746,汽车装饰,3772,汽车钥匙扣/包
3685,汽车用品,3746,汽车装饰,3773,座套
3685,汽车用品,3746,汽车装饰,3774,后备箱垫
3685,汽车用品,3746,汽车装饰,3775,头枕腰靠
3685,汽车用品,3746,汽车装饰,3776,方向盘套
3685,汽车用品,3746,汽车装饰,3777,香水
3685,汽车用品,3746,汽车装饰,3778,车内除味剂
3685,汽车用品,3746,汽车装饰,3779,挂件
3685,汽车用品,3746,汽车装饰,3780,车身装饰件
3685,汽车用品,3746,汽车装饰,3781,车衣
3685,汽车用品,3782,安全自驾,3783,胎压计
3685,汽车用品,3782,安全自驾,3784,拖车绳
3685,汽车用品,3782,安全自驾,3785,安全锤
3685,汽车用品,3782,安全自驾,3786,摩托车头盔
3685,汽车用品,3782,安全自驾,3787,摩托车配件
3685,汽车用品,3782,安全自驾,3788,搭火线
3685,汽车用品,3782,安全自驾,3789,防滑链
3685,汽车用品,3782,安全自驾,3790,灭火器
3685,汽车用品,3782,安全自驾,3791,中控锁
3685,汽车用品,3782,安全自驾,3792,方向盘锁
3685,汽车用品,3782,安全自驾,3793,GPS定位器
3685,汽车用品,3782,安全自驾,3794,车载床
3685,汽车用品,3782,安全自驾,3795,保温箱
3685,汽车用品,3782,安全自驾,3796,地锁
3685,汽车用品,3782,安全自驾,3797,摩托车
3685,汽车用品,3782,安全自驾,3798,摩托车装备
3685,汽车用品,3799,汽车服务,3800,钣金喷漆
3685,汽车用品,3799,汽车服务,3801,保养套餐
3685,汽车用品,3799,汽车服务,3802,洗车服务
3685,汽车用品,3799,汽车服务,3803,清洗美容
3685,汽车用品,3799,汽车服务,3804,更换轮胎
3685,汽车用品,3799,汽车服务,3805,功能升级
3685,汽车用品,3799,汽车服务,3806,换刹车片
3685,汽车用品,3799,汽车服务,3807,空调清洗
3685,汽车用品,3799,汽车服务,3808,保养维修
3685,汽车用品,3799,汽车服务,3809,换刹车盘
3685,汽车用品,3799,汽车服务,3810,车辆改装
3685,汽车用品,3799,汽车服务,3811,车险
3685,汽车用品,3799,汽车服务,3812,ETC
3685,汽车用品,3799,汽车服务,3813,驾驶培训
3685,汽车用品,3814,赛事改装,3815,摩托车
3685,汽车用品,3814,赛事改装,3816,摩托车装备
3685,汽车用品,3814,赛事改装,3817,赛事服装
3685,汽车用品,3814,赛事改装,3818,赛事用品
3685,汽车用品,3814,赛事改装,3819,制动系统
3685,汽车用品,3814,赛事改装,3820,悬挂系统
3685,汽车用品,3814,赛事改装,3821,进气系统
3685,汽车用品,3814,赛事改装,3822,排气系统
3685,汽车用品,3814,赛事改装,3823,电子管理
3685,汽车用品,3814,赛事改装,3824,车身强化
3685,汽车用品,3814,赛事改装,3825,赛事座椅
3826,母婴,3827,奶粉,3828,婴幼奶粉
3826,母婴,3827,奶粉,3829,孕妈奶粉
3826,母婴,3830,营养辅食,3831,益生菌/初乳
3826,母婴,3830,营养辅食,3832,米粉/菜粉
3826,母婴,3830,营养辅食,3833,果泥/果汁
3826,母婴,3830,营养辅食,3834,DHA
3826,母婴,3830,营养辅食,3835,宝宝零食
3826,母婴,3830,营养辅食,3836,钙铁锌/维生素
3826,母婴,3830,营养辅食,3837,清火/开胃
3826,母婴,3830,营养辅食,3838,面条/粥
3826,母婴,3839,尿裤湿巾,3840,婴儿尿裤
3826,母婴,3839,尿裤湿巾,3841,拉拉裤
3826,母婴,3839,尿裤湿巾,3842,婴儿湿巾
3826,母婴,3839,尿裤湿巾,3843,成人尿裤
3826,母婴,3844,喂养用品,3845,奶瓶奶嘴
3826,母婴,3844,喂养用品,3846,吸奶器
3826,母婴,3844,喂养用品,3847,暖奶消毒
3826,母婴,3844,喂养用品,3848,儿童餐具
3826,母婴,3844,喂养用品,3849,水壶/水杯
3826,母婴,3844,喂养用品,3850,牙胶安抚
3826,母婴,3844,喂养用品,3851,围兜/防溅衣
3826,母婴,3844,喂养用品,3852,辅食料理机
3826,母婴,3844,喂养用品,3853,食物存储
3826,母婴,3854,洗护用品,3855,宝宝护肤
3826,母婴,3854,洗护用品,3856,洗发沐浴
3826,母婴,3854,洗护用品,3857,奶瓶清洗
3826,母婴,3854,洗护用品,3858,驱蚊防晒
3826,母婴,3854,洗护用品,3859,理发器
3826,母婴,3854,洗护用品,3860,洗澡用具
3826,母婴,3854,洗护用品,3861,婴儿口腔清洁
3826,母婴,3854,洗护用品,3862,洗衣液/皂
3826,母婴,3854,洗护用品,3863,日常护理
3826,母婴,3854,洗护用品,3864,座便器
3826,母婴,3865,童车童床,3866,婴儿推车
3826,母婴,3865,童车童床,3867,餐椅摇椅
3826,母婴,3865,童车童床,3868,婴儿床
3826,母婴,3865,童车童床,3869,学步车
3826,母婴,3865,童车童床,3870,三轮车
3826,母婴,3865,童车童床,3871,自行车
3826,母婴,3865,童车童床,3872,电动车
3826,母婴,3865,童车童床,3873,扭扭车
3826,母婴,3865,童车童床,3874,滑板车
3826,母婴,3865,童车童床,3875,婴儿床垫
3826,母婴,3876,婴童寝居,3877,婴童睡袋/抱被
3826,母婴,3876,婴童寝居,3878,婴童隔尿垫/巾
3826,母婴,3876,婴童寝居,3879,婴童浴巾/浴衣
3826,母婴,3876,婴童寝居,3880,婴童毛巾/口水巾
3826,母婴,3876,婴童寝居,3881,婴童布尿裤/尿布
3826,母婴,3876,婴童寝居,3882,吸汗巾/垫背巾
3826,母婴,3876,婴童寝居,3883,婴童枕芯/枕套
3826,母婴,3876,婴童寝居,3884,婴童被子/被套
3826,母婴,3876,婴童寝居,3885,婴童凉席/蚊帐
3826,母婴,3876,婴童寝居,3886,婴童床单/床褥
3826,母婴,3876,婴童寝居,3887,婴童床围
3826,母婴,3876,婴童寝居,3888,婴童床品套件
3826,母婴,3876,婴童寝居,3889,安全防护
3826,母婴,3876,婴童寝居,3890,爬行垫
3826,母婴,3876,婴童寝居,3891,婴儿鞋帽袜
3826,母婴,3876,婴童寝居,3892,婴儿外出服
3826,母婴,3876,婴童寝居,3893,婴儿内衣
3826,母婴,3876,婴童寝居,3894,婴儿礼盒
3826,母婴,3895,妈妈专区,3896,妈咪包/背婴带
3826,母婴,3895,妈妈专区,3897,产后塑身
3826,母婴,3895,妈妈专区,3898,文胸/内裤
3826,母婴,3895,妈妈专区,3899,防辐射服
3826,母婴,3895,妈妈专区,3900,孕妈装
3826,母婴,3895,妈妈专区,3901,孕期营养
3826,母婴,3895,妈妈专区,3902,孕妇护肤
3826,母婴,3895,妈妈专区,3903,待产护理
3826,母婴,3895,妈妈专区,3904,月子装
3826,母婴,3895,妈妈专区,3905,防溢乳垫
3826,母婴,3906,童装,3907,袜子
3826,母婴,3906,童装,3908,旗袍唐装/民族服装
3826,母婴,3906,童装,3909,家居服
3826,母婴,3906,童装,3910,内衣裤
3826,母婴,3906,童装,3911,毛衣/针织衫
3826,母婴,3906,童装,3912,衬衫
3826,母婴,3906,童装,3913,卫衣
3826,母婴,3906,童装,3914,婴儿礼盒
3826,母婴,3906,童装,3915,外套/大衣
3826,母婴,3906,童装,3916,肚兜
3826,母婴,3906,童装,3917,马甲
3826,母婴,3906,童装,3918,T恤
3826,母婴,3906,童装,3919,校服/校服定制
3826,母婴,3906,童装,3920,羽绒服
3826,母婴,3906,童装,3921,棉服
3826,母婴,3906,童装,3922,连体衣/爬服
3826,母婴,3906,童装,3923,礼服/演出服
3826,母婴,3906,童装,3924,儿童配饰
3826,母婴,3906,童装,3925,户外/运动服
3826,母婴,3906,童装,3926,裤子
3826,母婴,3906,童装,3927,亲子装
3826,母婴,3906,童装,3928,裙子
3826,母婴,3906,童装,3929,套装
3826,母婴,3930,安全座椅,3931,提篮式
3826,母婴,3930,安全座椅,3932,安全座椅
3826,母婴,3930,安全座椅,3933,增高垫
3826,母婴,3934,童鞋,3935,雨鞋
3826,母婴,3934,童鞋,3936,学步鞋/步前鞋
3826,母婴,3934,童鞋,3937,拖鞋
3826,母婴,3934,童鞋,3938,布鞋/编织鞋
3826,母婴,3934,童鞋,3939,皮鞋
3826,母婴,3934,童鞋,3940,帆布鞋
3826,母婴,3934,童鞋,3941,棉鞋
3826,母婴,3934,童鞋,3942,凉鞋
3826,母婴,3934,童鞋,3943,靴子
3826,母婴,3934,童鞋,3944,运动鞋
3826,母婴,3945,赠品,3946,赠品
3947,食品饮料,3948,进口食品,3949,饼干蛋糕
3947,食品饮料,3948,进口食品,3950,糖果/巧克力
3947,食品饮料,3948,进口食品,3951,休闲零食
3947,食品饮料,3948,进口食品,3952,冲调品
3947,食品饮料,3948,进口食品,3953,米面调味
3947,食品饮料,3948,进口食品,3954,牛奶
3947,食品饮料,3948,进口食品,3955,水
3947,食品饮料,3948,进口食品,3956,饮料
3947,食品饮料,3948,进口食品,3957,咖啡豆/咖啡粉
3947,食品饮料,3948,进口食品,3958,油
3947,食品饮料,3948,进口食品,3959,方便食品
3947,食品饮料,3960,地方特产,3961,其他特产
3947,食品饮料,3960,地方特产,3962,新疆
3947,食品饮料,3960,地方特产,3963,北京
3947,食品饮料,3960,地方特产,3964,山西
3947,食品饮料,3960,地方特产,3965,内蒙古
3947,食品饮料,3960,地方特产,3966,福建
3947,食品饮料,3960,地方特产,3967,湖南
3947,食品饮料,3960,地方特产,3968,四川
3947,食品饮料,3960,地方特产,3969,云南
3947,食品饮料,3960,地方特产,3970,东北
3947,食品饮料,3971,休闲食品,3972,膨化食品
3947,食品饮料,3971,休闲食品,3973,熟食腊味
3947,食品饮料,3971,休闲食品,3974,休闲零食
3947,食品饮料,3971,休闲食品,3975,坚果炒货
3947,食品饮料,3971,休闲食品,3976,肉干肉脯
3947,食品饮料,3971,休闲食品,3977,蜜饯果干
3947,食品饮料,3971,休闲食品,3978,糖果/巧克力
3947,食品饮料,3971,休闲食品,3979,饼干蛋糕
3947,食品饮料,3980,粮油调味,3981,面
3947,食品饮料,3980,粮油调味,3982,杂粮
3947,食品饮料,3980,粮油调味,3983,烘焙原料
3947,食品饮料,3980,粮油调味,3984,米
3947,食品饮料,3980,粮油调味,3985,食用油
3947,食品饮料,3980,粮油调味,3986,调味品
3947,食品饮料,3980,粮油调味,3987,南北干货
3947,食品饮料,3980,粮油调味,3988,方便食品
3947,食品饮料,3980,粮油调味,3989,有机食品
3947,食品饮料,3990,饮料冲调,3991,饮用水
3947,食品饮料,3990,饮料冲调,3992,饮料
3947,食品饮料,3990,饮料冲调,3993,牛奶乳品
3947,食品饮料,3990,饮料冲调,3994,咖啡/奶茶
3947,食品饮料,3990,饮料冲调,3995,冲饮谷物
3947,食品饮料,3990,饮料冲调,3996,蜂蜜/柚子茶
3947,食品饮料,3990,饮料冲调,3997,成人奶粉
3947,食品饮料,3998,食品礼券,3999,月饼
3947,食品饮料,3998,食品礼券,4000,大闸蟹
3947,食品饮料,3998,食品礼券,4001,粽子
3947,食品饮料,3998,食品礼券,4002,卡券
3947,食品饮料,4003,茗茶,4004,铁观音
3947,食品饮料,4003,茗茶,4005,普洱
3947,食品饮料,4003,茗茶,4006,龙井
3947,食品饮料,4003,茗茶,4007,绿茶
3947,食品饮料,4003,茗茶,4008,红茶
3947,食品饮料,4003,茗茶,4009,乌龙茶
3947,食品饮料,4003,茗茶,4010,花草茶
3947,食品饮料,4003,茗茶,4011,花果茶
3947,食品饮料,4003,茗茶,4012,养生茶
3947,食品饮料,4003,茗茶,4013,黑茶
3947,食品饮料,4003,茗茶,4014,白茶
3947,食品饮料,4003,茗茶,4015,其它茶
4126,钟表,4127,钟表,4128,瑞表
4126,钟表,4127,钟表,4129,国表
4126,钟表,4127,钟表,4130,日韩表
4126,钟表,4127,钟表,4131,欧美表
4126,钟表,4127,钟表,4132,德表
4126,钟表,4127,钟表,4133,赠品
4126,钟表,4127,钟表,4134,智能手表
4126,钟表,4127,钟表,4135,闹钟
4126,钟表,4127,钟表,4136,挂钟
4126,钟表,4127,钟表,4137,钟表配件
4126,钟表,4127,钟表,4138,座钟
4139,珠宝首饰,4140,时尚饰品,4141,项链
4139,珠宝首饰,4140,时尚饰品,4142,手链/脚链
4139,珠宝首饰,4140,时尚饰品,4143,戒指
4139,珠宝首饰,4140,时尚饰品,4144,耳饰
4139,珠宝首饰,4140,时尚饰品,4145,毛衣链
4139,珠宝首饰,4140,时尚饰品,4146,发饰/发卡
4139,珠宝首饰,4140,时尚饰品,4147,胸针
4139,珠宝首饰,4140,时尚饰品,4148,饰品配件
4139,珠宝首饰,4140,时尚饰品,4149,婚庆饰品
4139,珠宝首饰,4150,发饰,4151,发箍
4139,珠宝首饰,4150,发饰,4152,发带
4139,珠宝首饰,4150,发饰,4153,发圈/发绳
4139,珠宝首饰,4150,发饰,4154,发簪
4139,珠宝首饰,4150,发饰,4155,发饰套装
4139,珠宝首饰,4150,发饰,4156,其他
4139,珠宝首饰,4150,发饰,4157,发夹
4139,珠宝首饰,4158,黄金,4159,黄金吊坠
4139,珠宝首饰,4158,黄金,4160,黄金项链
4139,珠宝首饰,4158,黄金,4161,黄金转运珠
4139,珠宝首饰,4158,黄金,4162,黄金手镯/手链/脚链
4139,珠宝首饰,4158,黄金,4163,黄金耳饰
4139,珠宝首饰,4158,黄金,4164,黄金戒指
4139,珠宝首饰,4165,K金饰品,4166,K金吊坠
4139,珠宝首饰,4165,K金饰品,4167,K金项链
4139,珠宝首饰,4165,K金饰品,4168,K金手镯/手链/脚链
4139,珠宝首饰,4165,K金饰品,4169,K金戒指
4139,珠宝首饰,4165,K金饰品,4170,K金耳饰
4139,珠宝首饰,4171,金银投资,4172,投资金
4139,珠宝首饰,4171,金银投资,4173,投资银
4139,珠宝首饰,4171,金银投资,4174,投资收藏
4139,珠宝首饰,4171,金银投资,4175,黄金托管
4139,珠宝首饰,4176,银饰,4177,银吊坠/项链
4139,珠宝首饰,4176,银饰,4178,银手链/脚链
4139,珠宝首饰,4176,银饰,4179,银戒指
4139,珠宝首饰,4176,银饰,4180,银耳饰
4139,珠宝首饰,4176,银饰,4181,银手镯
4139,珠宝首饰,4176,银饰,4182,宝宝银饰
4139,珠宝首饰,4183,钻石,4184,裸钻
4139,珠宝首饰,4183,钻石,4185,钻戒
4139,珠宝首饰,4183,钻石,4186,钻石项链/吊坠
4139,珠宝首饰,4183,钻石,4187,钻石耳饰
4139,珠宝首饰,4183,钻石,4188,钻石手镯/手链
4139,珠宝首饰,4189,翡翠玉石,4190,项链/吊坠
4139,珠宝首饰,4189,翡翠玉石,4191,手镯/手串
4139,珠宝首饰,4189,翡翠玉石,4192,戒指
4139,珠宝首饰,4189,翡翠玉石,4193,耳饰
4139,珠宝首饰,4189,翡翠玉石,4194,挂件/摆件/把件
4139,珠宝首饰,4189,翡翠玉石,4195,玉石孤品
4139,珠宝首饰,4196,水晶玛瑙,4197,项链/吊坠
4139,珠宝首饰,4196,水晶玛瑙,4198,耳饰
4139,珠宝首饰,4196,水晶玛瑙,4199,手镯/手链/脚链
4139,珠宝首饰,4196,水晶玛瑙,4200,戒指
4139,珠宝首饰,4196,水晶玛瑙,4201,头饰/胸针
4139,珠宝首饰,4196,水晶玛瑙,4202,摆件/挂件
4139,珠宝首饰,4203,彩宝,4204,琥珀/蜜蜡
4139,珠宝首饰,4203,彩宝,4205,碧玺
4139,珠宝首饰,4203,彩宝,4206,红宝石/蓝宝石
4139,珠宝首饰,4203,彩宝,4207,坦桑石
4139,珠宝首饰,4203,彩宝,4208,珊瑚
4139,珠宝首饰,4203,彩宝,4209,祖母绿
4139,珠宝首饰,4203,彩宝,4210,葡萄石
4139,珠宝首饰,4203,彩宝,4211,其他天然宝石
4139,珠宝首饰,4203,彩宝,4212,项链/吊坠
4139,珠宝首饰,4203,彩宝,4213,耳饰
4139,珠宝首饰,4203,彩宝,4214,手镯/手链
4139,珠宝首饰,4203,彩宝,4215,戒指
4139,珠宝首饰,4216,铂金,4217,铂金项链
4139,珠宝首饰,4216,铂金,4218,铂金吊坠
4139,珠宝首饰,4216,铂金,4219,铂金手镯/手链/脚链
4139,珠宝首饰,4216,铂金,4220,铂金戒指
4139,珠宝首饰,4216,铂金,4221,铂金耳饰
4139,珠宝首饰,4222,木手串/把件,4223,小叶紫檀
4139,珠宝首饰,4222,木手串/把件,4224,黄花梨
4139,珠宝首饰,4222,木手串/把件,4225,沉香木
4139,珠宝首饰,4222,木手串/把件,4226,金丝楠
4139,珠宝首饰,4222,木手串/把件,4227,菩提
4139,珠宝首饰,4222,木手串/把件,4228,其他
4139,珠宝首饰,4222,木手串/把件,4229,橄榄核/核桃
4139,珠宝首饰,4222,木手串/把件,4230,檀香
4139,珠宝首饰,4231,珍珠,4232,珍珠项链
4139,珠宝首饰,4231,珍珠,4233,珍珠吊坠
4139,珠宝首饰,4231,珍珠,4234,珍珠耳饰
4139,珠宝首饰,4231,珍珠,4235,珍珠手链
4139,珠宝首饰,4231,珍珠,4236,珍珠戒指
4139,珠宝首饰,4231,珍珠,4237,珍珠胸针
4238,厨具,4239,烹饪锅具,4240,炒锅
4238,厨具,4239,烹饪锅具,4241,平底锅/煎锅
4238,厨具,4239,烹饪锅具,4242,高压锅
4238,厨具,4239,烹饪锅具,4243,蒸锅
4238,厨具,4239,烹饪锅具,4244,汤锅
4238,厨具,4239,烹饪锅具,4245,奶锅
4238,厨具,4239,烹饪锅具,4246,锅具套装
4238,厨具,4239,烹饪锅具,4247,砂锅
4238,厨具,4239,烹饪锅具,4248,水壶
4238,厨具,4239,烹饪锅具,4249,火锅
4238,厨具,4250,刀剪菜板,4251,菜刀
4238,厨具,4250,刀剪菜板,4252,剪刀
4238,厨具,4250,刀剪菜板,4253,刀具套装
4238,厨具,4250,刀剪菜板,4254,砧板
4238,厨具,4250,刀剪菜板,4255,瓜果刀/刨
4238,厨具,4250,刀剪菜板,4256,多功能刀
4238,厨具,4257,厨房配件,4258,保鲜盒
4238,厨具,4257,厨房配件,4259,烘焙/烧烤
4238,厨具,4257,厨房配件,4260,厨房秤
4238,厨具,4257,厨房配件,4261,饭盒/提锅
4238,厨具,4257,厨房配件,4262,储物/置物架
4238,厨具,4257,厨房配件,4263,厨房DIY/小工具
4238,厨具,4257,厨房配件,4264,调料器皿
4238,厨具,4265,水具酒具,4266,塑料杯
4238,厨具,4265,水具酒具,4267,运动水壶
4238,厨具,4265,水具酒具,4268,玻璃杯
4238,厨具,4265,水具酒具,4269,陶瓷/马克杯
4238,厨具,4265,水具酒具,4270,保温杯
4238,厨具,4265,水具酒具,4271,保温壶
4238,厨具,4265,水具酒具,4272,酒杯/酒具
4238,厨具,4265,水具酒具,4273,杯具套装
4238,厨具,4265,水具酒具,4274,焖烧杯
4238,厨具,4265,水具酒具,4275,水具/酒具配件
4238,厨具,4276,餐具,4277,餐具套装
4238,厨具,4276,餐具,4278,碗/碟/盘
4238,厨具,4276,餐具,4279,筷勺/刀叉
4238,厨具,4276,餐具,4280,一次性用品
4238,厨具,4276,餐具,4281,果盘/果篮
4238,厨具,4282,酒店用品,4283,自助餐炉
4238,厨具,4282,酒店用品,4284,酒店餐具
4238,厨具,4282,酒店用品,4285,酒店水具
4238,厨具,4286,茶具/咖啡具,4287,整套茶具
4238,厨具,4286,茶具/咖啡具,4288,茶杯
4238,厨具,4286,茶具/咖啡具,4289,茶壶
4238,厨具,4286,茶具/咖啡具,4290,茶盘茶托
4238,厨具,4286,茶具/咖啡具,4291,茶叶罐
4238,厨具,4286,茶具/咖啡具,4292,茶具配件
4238,厨具,4286,茶具/咖啡具,4293,茶宠摆件
4238,厨具,4286,茶具/咖啡具,4294,咖啡具
4238,厨具,4286,茶具/咖啡具,4295,其他
4538,玩具乐器,4539,适用年龄,4540,0-6个月
4538,玩具乐器,4539,适用年龄,4541,6-12个月
4538,玩具乐器,4539,适用年龄,4542,1-3岁
4538,玩具乐器,4539,适用年龄,4543,3-6岁
4538,玩具乐器,4539,适用年龄,4544,6-14岁
4538,玩具乐器,4539,适用年龄,4545,14岁以上
4538,玩具乐器,4546,遥控/电动,4547,遥控车
4538,玩具乐器,4546,遥控/电动,4548,遥控飞机
4538,玩具乐器,4546,遥控/电动,4549,遥控船
4538,玩具乐器,4546,遥控/电动,4550,机器人
4538,玩具乐器,4546,遥控/电动,4551,轨道/助力
4538,玩具乐器,4552,毛绒布艺,4553,毛绒/布艺
4538,玩具乐器,4552,毛绒布艺,4554,靠垫/抱枕
4538,玩具乐器,4555,娃娃玩具,4556,芭比娃娃
4538,玩具乐器,4555,娃娃玩具,4557,卡通娃娃
4538,玩具乐器,4555,娃娃玩具,4558,智能娃娃
4538,玩具乐器,4559,模型玩具,4560,仿真模型
4538,玩具乐器,4559,模型玩具,4561,拼插模型
4538,玩具乐器,4559,模型玩具,4562,收藏爱好
4538,玩具乐器,4563,健身玩具,4564,炫舞毯
4538,玩具乐器,4563,健身玩具,4565,爬行垫/毯
4538,玩具乐器,4563,健身玩具,4566,户外玩具
4538,玩具乐器,4563,健身玩具,4567,戏水玩具
4538,玩具乐器,4568,动漫玩具,4569,电影周边
4538,玩具乐器,4568,动漫玩具,4570,卡通周边
4538,玩具乐器,4568,动漫玩具,4571,网游周边
4538,玩具乐器,4572,益智玩具,4573,摇铃/床铃
4538,玩具乐器,4572,益智玩具,4574,健身架
4538,玩具乐器,4572,益智玩具,4575,早教启智
4538,玩具乐器,4572,益智玩具,4576,拖拉玩具
4538,玩具乐器,4572,益智玩具,4577,魔方
4538,玩具乐器,4578,积木拼插,4579,积木
4538,玩具乐器,4578,积木拼插,4580,拼图
4538,玩具乐器,4578,积木拼插,4581,磁力片/棒
4538,玩具乐器,4578,积木拼插,4582,立体拼插
4538,玩具乐器,4583,绘画/DIY,4584,手工彩泥
4538,玩具乐器,4583,绘画/DIY,4585,绘画工具
4538,玩具乐器,4583,绘画/DIY,4586,情景玩具
4538,玩具乐器,4587,创意减压,4588,减压玩具
4538,玩具乐器,4587,创意减压,4589,创意玩具
4538,玩具乐器,4590,乐器,4591,钢琴
4538,玩具乐器,4590,乐器,4592,电子琴
4538,玩具乐器,4590,乐器,4593,吉他
4538,玩具乐器,4590,乐器,4594,打击乐器
4538,玩具乐器,4590,乐器,4595,西洋管弦
4538,玩具乐器,4590,乐器,4596,民族管弦乐器
4538,玩具乐器,4590,乐器,4597,乐器配件
4538,玩具乐器,4590,乐器,4598,电钢琴
4538,玩具乐器,4590,乐器,4599,尤克里里
4538,玩具乐器,4590,乐器,4600,电脑音乐
4538,玩具乐器,4590,乐器,4601,工艺礼品乐器
4538,玩具乐器,4590,乐器,4602,口琴/口风琴/竖笛
4538,玩具乐器,4590,乐器,4603,手风琴
4604,宠物生活,4605,宠物主粮,4606,狗粮
4604,宠物生活,4605,宠物主粮,4607,猫粮
4604,宠物生活,4605,宠物主粮,4608,狗罐头/湿粮
4604,宠物生活,4605,宠物主粮,4609,猫罐头/湿粮
4604,宠物生活,4610,小宠用品,4611,仓鼠/龙猫用品
4604,宠物生活,4610,小宠用品,4612,爬行/两栖用品
4604,宠物生活,4610,小宠用品,4613,鸟类/昆虫用品
4604,宠物生活,4610,小宠用品,4614,兔子用品
4604,宠物生活,4615,宠物零食,4616,狗零食
4604,宠物生活,4615,宠物零食,4617,猫零食
4604,宠物生活,4618,医疗保健,4619,发育补钙
4604,宠物生活,4618,医疗保健,4620,护肤美毛
4604,宠物生活,4618,医疗保健,4621,肠胃调理
4604,宠物生活,4618,医疗保健,4622,奶粉
4604,宠物生活,4618,医疗保健,4623,宠物驱虫
4604,宠物生活,4618,医疗保健,4624,口/耳/眼清洁
4604,宠物生活,4618,医疗保健,4625,皮肤病防治
4604,宠物生活,4626,家居日用,4627,猫狗窝
4604,宠物生活,4626,家居日用,4628,食具水具
4604,宠物生活,4626,家居日用,4629,狗厕所/尿垫
4604,宠物生活,4626,家居日用,4630,猫砂/猫砂盆
4604,宠物生活,4626,家居日用,4631,清洁除味
4604,宠物生活,4626,家居日用,4632,笼子/围栏
4604,宠物生活,4633,水族,4634,鱼缸/水族箱
4604,宠物生活,4633,水族,4635,鱼粮/饲料
4604,宠物生活,4633,水族,4636,过滤器材
4604,宠物生活,4633,水族,4637,增氧设备
4604,宠物生活,4633,水族,4638,温控照明
4604,宠物生活,4633,水族,4639,水族药剂
4604,宠物生活,4633,水族,4640,造景装饰
4604,宠物生活,4633,水族,4641,清洁用具
4604,宠物生活,4633,水族,4642,活体水族
4604,宠物生活,4643,猫狗玩具,4644,猫玩具
4604,宠物生活,4643,猫狗玩具,4645,狗玩具
4604,宠物生活,4643,猫狗玩具,4646,猫爬架/猫抓板
4604,宠物生活,4647,出行装备,4648,宠物牵引
4604,宠物生活,4647,出行装备,4649,便携包/笼
4604,宠物生活,4647,出行装备,4650,服饰鞋帽
4604,宠物生活,4647,出行装备,4651,外出用品
4604,宠物生活,4652,洗护美容,4653,浴液
4604,宠物生活,4652,洗护美容,4654,护毛素
4604,宠物生活,4652,洗护美容,4655,美容用具
4604,宠物生活,4652,洗护美容,4656,美容电器
4604,宠物生活,4657,宠物活体,4658,狗狗活体
4604,宠物生活,4657,宠物活体,4659,猫咪活体
4604,宠物生活,4657,宠物活体,4660,小宠活体
4604,宠物生活,4657,宠物活体,4661,水族活体
4604,宠物生活,4662,宠物服务,4663,洗护服务
4604,宠物生活,4662,宠物服务,4664,医疗服务
4604,宠物生活,4662,宠物服务,4665,寄养服务
4604,宠物生活,4662,宠物服务,4666,赛事活动
4667,医药保健,4668,隐形眼镜,4669,透明隐形
4667,医药保健,4668,隐形眼镜,4670,彩色隐形
4667,医药保健,4668,隐形眼镜,4671,护理液
4667,医药保健,4668,隐形眼镜,4672,眼镜配件
4667,医药保健,4673,营养健康,4674,美容养颜
4667,医药保健,4673,营养健康,4675,调节免疫
4667,医药保健,4673,营养健康,4676,骨骼健康
4667,医药保健,4673,营养健康,4677,调节三高
4667,医药保健,4673,营养健康,4678,明目益智
4667,医药保健,4673,营养健康,4679,肠胃养护
4667,医药保健,4673,营养健康,4680,肝肾养护
4667,医药保健,4673,营养健康,4681,改善睡眠
4667,医药保健,4673,营养健康,4682,缓解疲劳
4667,医药保健,4673,营养健康,4683,美体塑身
4667,医药保健,4673,营养健康,4684,抗氧化
4667,医药保健,4673,营养健康,4685,耐缺氧
4667,医药保健,4673,营养健康,4686,防辐射
4667,医药保健,4673,营养健康,4687,改善发育
4667,医药保健,4673,营养健康,4688,改善贫血
4667,医药保健,4673,营养健康,4689,清咽利喉
4667,医药保健,4673,营养健康,4690,婴儿营养
4667,医药保健,4691,健康服务,4692,体检套餐
4667,医药保健,4691,健康服务,4693,口腔齿科
4667,医药保健,4691,健康服务,4694,基因检测
4667,医药保健,4691,健康服务,4695,孕产服务
4667,医药保健,4691,健康服务,4696,美容塑形
4667,医药保健,4691,健康服务,4697,心理咨询
4667,医药保健,4691,健康服务,4698,中医理疗
4667,医药保健,4699,营养成分,4700,左旋肉碱
4667,医药保健,4699,营养成分,4701,蛋白质
4667,医药保健,4699,营养成分,4702,维生素/矿物质
4667,医药保健,4699,营养成分,4703,鱼油/磷脂
4667,医药保健,4699,营养成分,4704,螺旋藻
4667,医药保健,4699,营养成分,4705,番茄红素
4667,医药保健,4699,营养成分,4706,胶原蛋白
4667,医药保健,4699,营养成分,4707,辅酶Q10
4667,医药保健,4699,营养成分,4708,葡萄籽
4667,医药保健,4699,营养成分,4709,叶酸
4667,医药保健,4699,营养成分,4710,益生菌
4667,医药保健,4699,营养成分,4711,玛咖
4667,医药保健,4699,营养成分,4712,膳食纤维
4667,医药保健,4699,营养成分,4713,保健酒饮
4667,医药保健,4699,营养成分,4714,大豆异黄酮
4667,医药保健,4699,营养成分,4715,健肌粉
4667,医药保健,4699,营养成分,4716,芦荟提取
4667,医药保健,4699,营养成分,4717,氨糖
4667,医药保健,4699,营养成分,4718,牛初乳
4667,医药保健,4699,营养成分,4719,褪黑素
4667,医药保健,4699,营养成分,4720,酵素
4667,医药保健,4699,营养成分,4721,叶黄素
4667,医药保健,4699,营养成分,4722,虾青素
4667,医药保健,4723,传统滋补,4724,冬虫夏草
4667,医药保健,4723,传统滋补,4725,人参/西洋参
4667,医药保健,4723,传统滋补,4726,枸杞
4667,医药保健,4723,传统滋补,4727,燕窝
4667,医药保健,4723,传统滋补,4728,阿胶
4667,医药保健,4723,传统滋补,4729,三七
4667,医药保健,4723,传统滋补,4730,养生茶饮
4667,医药保健,4723,传统滋补,4731,鹿茸
4667,医药保健,4723,传统滋补,4732,灵芝/孢子粉
4667,医药保健,4723,传统滋补,4733,雪蛤
4667,医药保健,4723,传统滋补,4734,药食同源
4667,医药保健,4723,传统滋补,4735,青钱柳
4667,医药保健,4723,传统滋补,4736,蜂蜜/蜂产品
4667,医药保健,4723,传统滋补,4737,石斛/枫斗
4667,医药保健,4723,传统滋补,4738,当归
4667,医药保健,4723,传统滋补,4739,藏红花
4667,医药保健,4740,计生情趣,4741,飞机杯
4667,医药保健,4740,计生情趣,4742,充气/仿真娃娃
4667,医药保健,4740,计生情趣,4743,倒模
4667,医药保健,4740,计生情趣,4744,男用延时
4667,医药保健,4740,计生情趣,4745,其他情趣用品
4667,医药保健,4740,计生情趣,4746,震动棒
4667,医药保健,4740,计生情趣,4747,艾滋病试纸
4667,医药保健,4740,计生情趣,4748,跳蛋
4667,医药保健,4740,计生情趣,4749,仿真阳具
4667,医药保健,4740,计生情趣,4750,避孕套
4667,医药保健,4740,计生情趣,4751,润滑液
4667,医药保健,4740,计生情趣,4752,排卵验孕
4667,医药保健,4740,计生情趣,4753,情趣内衣
4667,医药保健,4754,保健器械,4755,呼吸机
4667,医药保健,4754,保健器械,4756,计步器/脂肪检测仪
4667,医药保健,4754,保健器械,4757,护理床
4667,医药保健,4754,保健器械,4758,血氧仪
4667,医药保健,4754,保健器械,4759,体温计
4667,医药保健,4754,保健器械,4760,体重秤
4667,医药保健,4754,保健器械,4761,胎心仪
4667,医药保健,4754,保健器械,4762,理疗仪
4667,医药保健,4754,保健器械,4763,血糖仪
4667,医药保健,4754,保健器械,4764,制氧机
4667,医药保健,4754,保健器械,4765,雾化器
4667,医药保健,4754,保健器械,4766,血压计
4667,医药保健,4754,保健器械,4767,助听器
4667,医药保健,4754,保健器械,4768,轮椅
4667,医药保健,4754,保健器械,4769,拐杖
4667,医药保健,4754,保健器械,4770,智能健康
4667,医药保健,4754,保健器械,4771,养生器械
4667,医药保健,4754,保健器械,4772,中医保健
4667,医药保健,4754,保健器械,4773,康复辅助
4667,医药保健,4754,保健器械,4774,家庭护理
4667,医药保健,4775,护理护具,4776,眼罩/耳塞
4667,医药保健,4775,护理护具,4777,暖贴
4667,医药保健,4775,护理护具,4778,鼻喉护理
4667,医药保健,4775,护理护具,4779,美体护理
4667,医药保健,4775,护理护具,4780,跌打损伤
4667,医药保健,4775,护理护具,4781,口罩
4667,医药保健,4775,护理护具,4782,眼部保健
4667,医药保健,4783,中西药品,4784,感冒咳嗽
4667,医药保健,4783,中西药品,4785,补肾壮阳
4667,医药保健,4783,中西药品,4786,补气养血
4667,医药保健,4783,中西药品,4787,止痛镇痛
4667,医药保健,4783,中西药品,4788,耳鼻喉用药
4667,医药保健,4783,中西药品,4789,眼科用药
4667,医药保健,4783,中西药品,4790,口腔用药
4667,医药保健,4783,中西药品,4791,皮肤用药
4667,医药保健,4783,中西药品,4792,肠胃消化
4667,医药保健,4783,中西药品,4793,风湿骨外伤
4667,医药保健,4783,中西药品,4794,男科/泌尿
4667,医药保健,4783,中西药品,4795,妇科用药
4667,医药保健,4783,中西药品,4796,儿科用药
4667,医药保健,4783,中西药品,4797,心脑血管
4667,医药保健,4783,中西药品,4798,肝胆用药
4667,医药保健,4783,中西药品,4799,维矿物质
4667,医药保健,4783,中西药品,4800,避孕用药
4804,家具,4805,卧室家具,4806,床
4804,家具,4805,卧室家具,4807,床垫
4804,家具,4805,卧室家具,4808,床头柜
4804,家具,4805,卧室家具,4809,简易衣柜
4804,家具,4805,卧室家具,4810,斗柜
4804,家具,4805,卧室家具,4811,梳妆台/凳
4804,家具,4805,卧室家具,4812,穿衣镜
4804,家具,4805,卧室家具,4813,衣柜
4804,家具,4814,客厅家具,4815,沙发
4804,家具,4814,客厅家具,4816,沙发床
4804,家具,4814,客厅家具,4817,边桌/茶几
4804,家具,4814,客厅家具,4818,电视柜
4804,家具,4814,客厅家具,4819,屏风
4804,家具,4814,客厅家具,4820,壁炉
4804,家具,4814,客厅家具,4821,鞋柜
4804,家具,4814,客厅家具,4822,凳子
4804,家具,4823,餐厅家具,4824,餐桌
4804,家具,4823,餐厅家具,4825,餐边柜
4804,家具,4823,餐厅家具,4826,酒柜
4804,家具,4823,餐厅家具,4827,椅子
4804,家具,4828,书房家具,4829,书柜/书架
4804,家具,4828,书房家具,4830,电脑椅
4804,家具,4828,书房家具,4831,书桌
4804,家具,4828,书房家具,4832,电脑桌
4804,家具,4833,储物家具,4834,鞋架/衣帽架
4804,家具,4833,储物家具,4835,储物/收纳用品
4804,家具,4833,储物家具,4836,墙面搁架
4804,家具,4833,储物家具,4837,层架/置物架
4804,家具,4838,阳台/户外,4839,晾衣架
4804,家具,4838,阳台/户外,4840,花架/装饰架
4804,家具,4838,阳台/户外,4841,家用梯
4804,家具,4838,阳台/户外,4842,户外家具
4804,家具,4838,阳台/户外,4843,折叠床
4804,家具,4844,办公家具,4845,屏风/办公桌
4804,家具,4844,办公家具,4846,班台/班桌
4804,家具,4844,办公家具,4847,会议台/桌
4804,家具,4844,办公家具,4848,办公沙发
4804,家具,4844,办公家具,4849,办公柜
4804,家具,4844,办公家具,4850,办公前台/收银台
4804,家具,4844,办公家具,4851,货架/展示架
4804,家具,4844,办公家具,4852,麻将机
4804,家具,4844,办公家具,4853,美容健身家具
4804,家具,4854,儿童家具,4855,儿童床
4804,家具,4854,儿童家具,4856,儿童床垫
4804,家具,4854,儿童家具,4857,儿童衣柜
4804,家具,4854,儿童家具,4858,儿童书桌
4804,家具,4854,儿童家具,4859,儿童椅凳
4804,家具,4854,儿童家具,4860,儿童餐椅
4804,家具,4854,儿童家具,4861,儿童桌椅套装
4804,家具,4854,儿童家具,4862,儿童沙发
4804,家具,4863,套房家具,4864,卧室套房
4804,家具,4863,套房家具,4865,客厅套房
4804,家具,4863,套房家具,4866,餐厅套房
4804,家具,4863,套房家具,4867,儿童套房
4804,家具,4863,套房家具,4868,书房套房
4869,家装建材,4870,灯饰照明,4871,台灯
4869,家装建材,4870,灯饰照明,4872,杀菌驱虫灯
4869,家装建材,4870,灯饰照明,4873,节能灯
4869,家装建材,4870,灯饰照明,4874,装饰灯
4869,家装建材,4870,灯饰照明,4875,落地灯
4869,家装建材,4870,灯饰照明,4876,手电筒/应急灯
4869,家装建材,4870,灯饰照明,4877,LED灯
4869,家装建材,4870,灯饰照明,4878,吸顶灯
4869,家装建材,4870,灯饰照明,4879,氛围照明
4869,家装建材,4870,灯饰照明,4880,吊灯
4869,家装建材,4870,灯饰照明,4881,筒灯/射灯
4869,家装建材,4870,灯饰照明,4882,室外/庭院灯
4869,家装建材,4883,厨房卫浴,4884,垃圾处理器
4869,家装建材,4883,厨房卫浴,4885,淋浴花洒
4869,家装建材,4883,厨房卫浴,4886,智能马桶盖
4869,家装建材,4883,厨房卫浴,4887,厨卫挂件
4869,家装建材,4883,厨房卫浴,4888,干手器
4869,家装建材,4883,厨房卫浴,4889,龙头
4869,家装建材,4883,厨房卫浴,4890,马桶
4869,家装建材,4883,厨房卫浴,4891,浴室柜
4869,家装建材,4883,厨房卫浴,4892,浴缸
4869,家装建材,4883,厨房卫浴,4893,水槽
4869,家装建材,4883,厨房卫浴,4894,净水软水
4869,家装建材,4883,厨房卫浴,4895,橱柜
4869,家装建材,4883,厨房卫浴,4896,陶瓷件组套
4869,家装建材,4883,厨房卫浴,4897,沐浴桶
4869,家装建材,4883,厨房卫浴,4898,厨卫配件
4869,家装建材,4883,厨房卫浴,4899,淋浴房
4869,家装建材,4900,五金工具,4901,仪器仪表
4869,家装建材,4900,五金工具,4902,机械锁
4869,家装建材,4900,五金工具,4903,工具配件
4869,家装建材,4900,五金工具,4904,气动工具
4869,家装建材,4900,五金工具,4905,家用五金
4869,家装建材,4900,五金工具,4906,机电五金
4869,家装建材,4900,五金工具,4907,手动工具
4869,家装建材,4900,五金工具,4908,电动工具
4869,家装建材,4900,五金工具,4909,测量工具
4869,家装建材,4900,五金工具,4910,劳防用品
4869,家装建材,4900,五金工具,4911,工具组套
4869,家装建材,4900,五金工具,4912,电子锁
4869,家装建材,4913,电工电料,4914,门铃
4869,家装建材,4913,电工电料,4915,开关插座
4869,家装建材,4913,电工电料,4916,监控安防
4869,家装建材,4913,电工电料,4917,智能家居
4869,家装建材,4913,电工电料,4918,配电箱/断路器
4869,家装建材,4913,电工电料,4919,电线/电缆
4869,家装建材,4913,电工电料,4920,电料配件
4869,家装建材,4913,电工电料,4921,接线板/排插
4869,家装建材,4922,墙地面材料,4923,油漆/涂料
4869,家装建材,4922,墙地面材料,4924,壁纸
4869,家装建材,4922,墙地面材料,4925,瓷砖
4869,家装建材,4922,墙地面材料,4926,地板
4869,家装建材,4922,墙地面材料,4927,木材/板材
4869,家装建材,4922,墙地面材料,4928,管材管件
4869,家装建材,4922,墙地面材料,4929,涂刷辅料/胶类
4869,家装建材,4930,装饰材料,4931,吊顶
4869,家装建材,4930,装饰材料,4932,排气扇/换气设备
4869,家装建材,4930,装饰材料,4933,散热器
4869,家装建材,4930,装饰材料,4934,门
4869,家装建材,4930,装饰材料,4935,窗
4869,家装建材,4930,装饰材料,4936,移门壁柜
4869,家装建材,4930,装饰材料,4937,园艺休闲
4869,家装建材,4930,装饰材料,4938,浴霸
4869,家装建材,4930,装饰材料,4939,壁炉/壁挂炉/地暖
4869,家装建材,4940,装修服务,4941,装修设计
4869,家装建材,4940,装修服务,4942,整体全包
4869,家装建材,4940,装修服务,4943,监理服务
4869,家装建材,4940,装修服务,4944,局部装修
4869,家装建材,4940,装修服务,4945,安装维修
4869,家装建材,4940,装修服务,4946,整体半包
4869,家装建材,4940,装修服务,4947,拎包入住
4948,鞋靴,4949,流行男鞋,4950,商务休闲鞋
4948,鞋靴,4949,流行男鞋,4951,正装鞋
4948,鞋靴,4949,流行男鞋,4952,休闲鞋
4948,鞋靴,4949,流行男鞋,4953,凉鞋/沙滩鞋
4948,鞋靴,4949,流行男鞋,4954,男靴
4948,鞋靴,4949,流行男鞋,4955,功能鞋
4948,鞋靴,4949,流行男鞋,4956,拖鞋/人字拖
4948,鞋靴,4949,流行男鞋,4957,雨鞋/雨靴
4948,鞋靴,4949,流行男鞋,4958,传统布鞋
4948,鞋靴,4949,流行男鞋,4959,鞋配件
4948,鞋靴,4949,流行男鞋,4960,帆布鞋
4948,鞋靴,4949,流行男鞋,4961,增高鞋
4948,鞋靴,4949,流行男鞋,4962,工装鞋
4948,鞋靴,4949,流行男鞋,4963,定制鞋
4948,鞋靴,4964,时尚女鞋,4965,高跟鞋
4948,鞋靴,4964,时尚女鞋,4966,单鞋
4948,鞋靴,4964,时尚女鞋,4967,休闲鞋
4948,鞋靴,4964,时尚女鞋,4968,凉鞋
4948,鞋靴,4964,时尚女鞋,4969,女靴
4948,鞋靴,4964,时尚女鞋,4970,雪地靴
4948,鞋靴,4964,时尚女鞋,4971,拖鞋/人字拖
4948,鞋靴,4964,时尚女鞋,4972,踝靴
4948,鞋靴,4964,时尚女鞋,4973,筒靴
4948,鞋靴,4964,时尚女鞋,4974,帆布鞋
4948,鞋靴,4964,时尚女鞋,4975,雨鞋/雨靴
4948,鞋靴,4964,时尚女鞋,4976,妈妈鞋
4948,鞋靴,4964,时尚女鞋,4977,鞋配件
4948,鞋靴,4964,时尚女鞋,4978,特色鞋
4948,鞋靴,4964,时尚女鞋,4979,鱼嘴鞋
4948,鞋靴,4964,时尚女鞋,4980,布鞋/绣花鞋
4948,鞋靴,4964,时尚女鞋,4981,马丁靴
4948,鞋靴,4964,时尚女鞋,4982,坡跟鞋
4948,鞋靴,4964,时尚女鞋,4983,松糕鞋
4948,鞋靴,4964,时尚女鞋,4984,内增高
4948,鞋靴,4964,时尚女鞋,4985,防水台
4986,生鲜,4987,水果,4988,苹果
4986,生鲜,4987,水果,4989,橙子
4986,生鲜,4987,水果,4990,奇异果/猕猴桃
4986,生鲜,4987,水果,4991,车厘子/樱桃
4986,生鲜,4987,水果,4992,芒果
4986,生鲜,4987,水果,4993,蓝莓
4986,生鲜,4987,水果,4994,火龙果
4986,生鲜,4987,水果,4995,葡萄/提子
4986,生鲜,4987,水果,4996,柚子
4986,生鲜,4987,水果,4997,香蕉
4986,生鲜,4987,水果,4998,牛油果
4986,生鲜,4987,水果,4999,梨
4986,生鲜,4987,水果,5000,菠萝/凤梨
4986,生鲜,4987,水果,5001,桔/橘
4986,生鲜,4987,水果,5002,柠檬
4986,生鲜,4987,水果,5003,草莓
4986,生鲜,4987,水果,5004,桃/李/杏
4986,生鲜,4987,水果,5005,水果礼盒/券
4986,生鲜,4987,水果,5006,瓜
4986,生鲜,4987,水果,5007,榴莲
4986,生鲜,4987,水果,5008,百香果
4986,生鲜,4987,水果,5009,龙眼
4986,生鲜,4987,水果,5010,椰青
4986,生鲜,4987,水果,5011,更多水果
4986,生鲜,5012,猪牛羊肉,5013,牛肉
4986,生鲜,5012,猪牛羊肉,5014,羊肉
4986,生鲜,5012,猪牛羊肉,5015,猪肉
4986,生鲜,5012,猪牛羊肉,5016,内脏类
4986,生鲜,5012,猪牛羊肉,5017,其它肉类
4986,生鲜,5018,海鲜水产,5019,虾类
4986,生鲜,5018,海鲜水产,5020,蟹类
4986,生鲜,5018,海鲜水产,5021,海参
4986,生鲜,5018,海鲜水产,5022,其他水产
4986,生鲜,5018,海鲜水产,5023,海产礼盒
4986,生鲜,5018,海鲜水产,5024,软足类
4986,生鲜,5018,海鲜水产,5025,藻类
4986,生鲜,5018,海鲜水产,5026,海鲜制品
4986,生鲜,5027,禽肉蛋品,5028,鸡肉
4986,生鲜,5027,禽肉蛋品,5029,鸭肉
4986,生鲜,5027,禽肉蛋品,5030,蛋类
4986,生鲜,5027,禽肉蛋品,5031,其他禽类
4986,生鲜,5032,冷藏/冷冻食品,5033,水饺/馄饨
4986,生鲜,5032,冷藏/冷冻食品,5034,汤圆/元宵
4986,生鲜,5032,冷藏/冷冻食品,5035,面点
4986,生鲜,5032,冷藏/冷冻食品,5036,火锅丸料
4986,生鲜,5032,冷藏/冷冻食品,5037,速冻半成品
4986,生鲜,5032,冷藏/冷冻食品,5038,西式烘焙
4986,生鲜,5032,冷藏/冷冻食品,5039,肉制品
4986,生鲜,5040,乳品冷饮,5041,冷藏饮料
4986,生鲜,5040,乳品冷饮,5042,奶酪黄油
4986,生鲜,5040,乳品冷饮,5043,冰淇淋
4986,生鲜,5040,乳品冷饮,5044,低温奶
4986,生鲜,5045,蔬菜,5046,叶菜类
4986,生鲜,5045,蔬菜,5047,茄果瓜类
4986,生鲜,5045,蔬菜,5048,根茎类
4986,生鲜,5045,蔬菜,5049,鲜菌菇
4986,生鲜,5045,蔬菜,5050,葱姜蒜椒
4986,生鲜,5045,蔬菜,5051,半加工蔬菜
5052,酒类,5053,白酒,5054,白酒
5052,酒类,5053,白酒,5055,洋酒
5052,酒类,5053,白酒,5056,葡萄酒
5052,酒类,5053,白酒,5057,啤酒
5052,酒类,5053,白酒,5058,黄酒/养生酒
5052,酒类,5053,白酒,5059,收藏酒/陈年老酒
5052,酒类,5363,葡萄酒,5368,葡萄酒
5052,酒类,5364,洋酒,5369,白兰地/干邑
5052,酒类,5364,洋酒,5370,威士忌
5052,酒类,5364,洋酒,5371,鸡尾酒/预调酒
5052,酒类,5364,洋酒,5372,清酒/烧酒
5052,酒类,5364,洋酒,5373,伏特加
5052,酒类,5364,洋酒,5374,力娇酒
5052,酒类,5364,洋酒,5375,朗姆酒
5052,酒类,5364,洋酒,5376,龙舌兰
5052,酒类,5364,洋酒,5377,金酒
5052,酒类,5364,洋酒,5378,其它洋酒
5052,酒类,5365,啤酒,5379,啤酒
5052,酒类,5366,黄酒/养生酒,5380,黄酒
5052,酒类,5366,黄酒/养生酒,5381,养生酒
5052,酒类,5367,收藏酒/陈年老酒,5382,收藏酒/陈年老酒
3685,汽车用品,3686,维修保养,5383,刹车片/盘
3473,礼品箱包,3524,奢侈品,5384,服饰
3826,母婴,3906,童装,5385,上衣
4986,生鲜,5386,粮油调味,5387,米面油
4986,生鲜,5386,粮油调味,5388,调味品
4986,生鲜,5389,酒饮冲调,5390,酒水
4986,生鲜,5392,日用清洁,5394,个护清洁
4986,生鲜,5392,日用清洁,5396,日用百货
5391,数码生活,5393,数码居家,5398,手机配件
5391,数码生活,5393,数码居家,5399,居家日用
4238,厨具,4265,水具酒具,5400,净水壶
4238,厨具,4239,烹饪锅具,5401,锅具配件
4238,厨具,4257,厨房配件,5402,围裙隔热垫
3473,礼品箱包,3495,功能箱包,5403,钱包
3473,礼品箱包,3495,功能箱包,5404,公文包
3473,礼品箱包,3495,功能箱包,5405,卡包钥匙包
3473,礼品箱包,3495,功能箱包,5406,双肩包
3473,礼品箱包,3495,功能箱包,5407,单肩包
3555,运动户外,3634,户外装备,5408,望远镜
4667,医药保健,4673,营养健康,5409,保健仪器
4667,医药保健,4673,营养健康,5410,保健护理
3555,运动户外,3634,户外装备,5412,户外工具
3555,运动户外,3634,户外装备,5413,旅行装备
3555,运动户外,3651,健身训练,5414,运动护具
3555,运动户外,3568,运动服饰,5415,运动裤
3826,母婴,3844,喂养用品,5416,纸尿裤/湿巾
2752,家用电器,2774,厨房小电,5417,电烤箱
2752,家用电器,2771,厨卫大电,5418,油烟机
2752,家用电器,2771,厨卫大电,5419,消毒柜
2752,家用电器,2771,厨卫大电,5420,燃气灶
2752,家用电器,2771,厨卫大电,5421,燃气热水器
3473,礼品箱包,3524,奢侈品,5422,女包
2752,家用电器,2771,厨卫大电,5423,热水器
2752,家用电器,2774,厨房小电,5424,电饭煲
2752,家用电器,2788,生活电器,5425,电风扇
2752,家用电器,2774,厨房小电,5426,电饼铛
2752,家用电器,2795,个护健康,5427,按摩器
3826,母婴,3844,喂养用品,5429,玩具
3414,美妆个护,3434,身体护理,5430,眼部
3414,美妆个护,3434,身体护理,5431,其它个护
3218,家居日用,3228,生活日用,5432,厨房用品
3947,食品饮料,3990,饮料冲调,5433,酒水
3218,家居日用,3228,生活日用,5434,个人生活用品
2752,家用电器,2788,生活电器,5435,扫地机器人
2752,家用电器,2774,厨房小电,5436,电压力锅
2752,家用电器,2774,厨房小电,5437,电磁炉
3218,家居日用,3219,家纺,5438,床品套件
3218,家居日用,3219,家纺,5439,被枕
3218,家居日用,3219,家纺,5440,抱枕腰靠
3218,家居日用,3219,家纺,5441,毛巾浴巾
3218,家居日用,3219,家纺,5442,床垫
3218,家居日用,3219,家纺,5443,凉席
3218,家居日用,3235,家装软饰,5444,地毯地垫
3218,家居日用,3235,家装软饰,5445,家具
